Commodity,Category,pH,Moisture_Content,Storage_Temperature,Respiration_Rate,Oxygen_Sensitivity,Moisture_Sensitivity,Light_Sensitivity,Typical_Shelf_Life,Recommended_Packaging,Packaging_Reason,Farmer_Action,
Potato,Root/Tuber,5.3–5.7,75–82%,7–10°C,Low,Medium,Medium,High,2–6 months,Allows airflow; limits greening and condensation.,"Sort damaged produce, maintain recommended temperature/RH, and provide airflow.",,
Sweet potato,Root/Tuber,5.3–5.7,65–80%,13–15°C,Low,Low,Medium,Medium,4–7 months,Needs warm storage and airflow; avoid chilling.,"Sort damaged produce, maintain recommended temperature/RH, and provide airflow.",,
Cassava,Root/Tuber,5.5–6.5,60–70%,5–8°C (short term),High,Medium,High,Low,1–3 weeks,Highly perishable after harvest; reduce water loss and mechanical injury.,"Remove field heat quickly, maintain recommended temperature/RH, and avoid bruising.",,
Yam,Root/Tuber,5.5–6.5,65–75%,12–16°C,Low,Low,Medium,Low,3–6 months,Ventilation and dry surfaces reduce decay.,"Sort damaged produce, maintain recommended temperature/RH, and provide airflow.",,
Taro,Root/Tuber,5.5–6.5,60–70%,7–10°C,Medium,Medium,Medium,Low,2–4 months,Protects from bruising while allowing airflow.,"Sort damaged produce, maintain recommended temperature/RH, and provide airflow.",,
Beetroot,Root,5.3–6.6,85–90%,0–2°C,Low,Low,High,Low,3–5 months,High humidity limits shriveling; ventilation prevents condensation.,"Sort damaged produce, maintain recommended temperature/RH, and provide airflow.",,
Carrot,Root,5.9–6.4,86–90%,0°C,Low,Low,High,Low,3–6 months,High RH reduces water loss; venting supports cooling.,"Sort damaged produce, maintain recommended temperature/RH, and provide airflow.",,
Parsnip,Root,5.3–6.5,75–80%,0°C,Low,Low,High,Low,3–6 months,Prevents dehydration while maintaining airflow.,"Sort damaged produce, maintain recommended temperature/RH, and provide airflow.",,
Turnip,Root,5.2–5.5,90–92%,0°C,Low,Low,High,Low,1–4 months,High RH limits wilting.,"Sort damaged produce, maintain recommended temperature/RH, and provide airflow.",,
Radish,Root,5.5–6.5,94–96%,0°C,High,Low,High,Low,3–4 weeks,Rapid water loss; high RH and venting are important.,"Remove field heat quickly, maintain recommended temperature/RH, and avoid bruising.",,
Daikon radish,Root,5.5–6.5,94–96%,0°C,Medium,Low,High,Low,1–3 months,Reduces moisture loss and bruising.,"Sort damaged produce, maintain recommended temperature/RH, and provide airflow.",,
Jicama,Root,5.5–6.5,85–90%,13°C,Low,Low,Medium,Low,2–4 months,Avoid chilling; protect from impact.,"Sort damaged produce, maintain recommended temperature/RH, and provide airflow.",,
Celeriac,Root,5.5–6.5,88–92%,0°C,Low,Low,High,Low,2–4 months,High RH helps maintain firmness.,"Sort damaged produce, maintain recommended temperature/RH, and provide airflow.",,
Jerusalem artichoke,Tuber,5.5–6.5,75–80%,0–2°C,Low,Low,Medium,Low,2–5 months,Limits shriveling while permitting cooling.,"Sort damaged produce, maintain recommended temperature/RH, and provide airflow.",,
Arrowroot,Tuber,5.5–6.5,65–75%,10–13°C,Low,Low,Medium,Low,2–4 months,Protects against impact and excess moisture.,"Sort damaged produce, maintain recommended temperature/RH, and provide airflow.",,
Lotus root,Root,5.5–6.5,80–85%,0–5°C,Medium,Medium,High,Low,2–4 weeks,Prevents browning/dehydration while allowing gas exchange.,"Sort damaged produce, maintain recommended temperature/RH, and provide airflow.",,
Ginger,Rhizome,5.5–6.5,80–90%,12–14°C,Low,Low,Medium,Low,4–8 months,Avoid chilling and condensation.,"Sort damaged produce, maintain recommended temperature/RH, and provide airflow.",,
Turmeric root,Rhizome,5.5–6.5,75–85%,10–13°C,Low,Low,Medium,Low,2–4 months,"Dry, ventilated handling reduces decay.","Sort damaged produce, maintain recommended temperature/RH, and provide airflow.",,
Horseradish,Root,5.5–6.5,70–80%,0°C,Low,Low,Medium,Low,4–6 months,Limits moisture loss during cold storage.,"Sort damaged produce, maintain recommended temperature/RH, and provide airflow.",,
Yacon,Root,5.0–6.5,85–90%,10–12°C,Medium,Low,High,Low,2–4 months,Reduces dehydration without sealing completely.,"Sort damaged produce, maintain recommended temperature/RH, and provide airflow.",,
Cabbage,Brassica,5.4–6.8,90–94%,0°C,Low,Low,High,Low,3–6 months,High RH and low temperature slow water loss and decay.,"Sort damaged produce, maintain recommended temperature/RH, and provide airflow.",,
Red cabbage,Brassica,5.4–6.8,90–94%,0°C,Low,Low,High,Low,3–6 months,"Same cold, humid storage requirement as cabbage.","Sort damaged produce, maintain recommended temperature/RH, and provide airflow.",,
Napa cabbage,Brassica,5.4–6.8,93–96%,0°C,Medium,Low,High,Low,1–3 months,High RH prevents leaf wilting.,"Sort damaged produce, maintain recommended temperature/RH, and provide airflow.",,
Savoy cabbage,Brassica,5.4–6.8,90–94%,0°C,Low,Low,High,Low,3–5 months,Limits water loss and decay.,"Sort damaged produce, maintain recommended temperature/RH, and provide airflow.",,
Broccoli,Brassica,6.3–6.5,89–91%,0°C,High,High,High,Low,2–4 weeks,High respiration; rapid cooling and high RH are critical.,"Remove field heat quickly, maintain recommended temperature/RH, and avoid bruising.",,
Cauliflower,Brassica,5.6–6.5,90–93%,0°C,Medium,Medium,High,Low,2–4 weeks,Maintains moisture while allowing cooling.,"Sort damaged produce, maintain recommended temperature/RH, and provide airflow.",,
Brussels sprouts,Brassica,6.3–6.5,86–90%,0°C,High,Medium,High,Low,3–5 weeks,Rapid cooling and high RH reduce yellowing/wilting.,"Remove field heat quickly, maintain recommended temperature/RH, and avoid bruising.",,
Kohlrabi,Brassica,5.5–6.5,91–94%,0°C,Medium,Low,High,Low,2–3 months,Reduces moisture loss and maintains crispness.,"Sort damaged produce, maintain recommended temperature/RH, and provide airflow.",,
Broccoli rabe,Brassica,6.0–6.5,88–92%,0°C,High,High,High,Low,1–2 weeks,Leafy tissue loses water quickly.,"Remove field heat quickly, maintain recommended temperature/RH, and avoid bruising.",,
Chinese broccoli,Brassica,6.0–6.5,88–92%,0°C,High,High,High,Low,1–2 weeks,Rapid cooling and humidity retention are important.,"Remove field heat quickly, maintain recommended temperature/RH, and avoid bruising.",,
Spinach,Leafy green,5.5–6.8,91–94%,0°C,Very high,High,Very high,Medium,1–2 weeks,Very high respiration and water loss; avoid sealed oxygen-depleted packs.,"Pre-cool as soon as possible, keep cold, avoid airtight packaging, and maintain hygiene.",,
Lettuce,Leafy green,5.8–6.2,94–96%,0°C,High,High,Very high,Medium,2–3 weeks,High RH and ventilation preserve leaves.,"Remove field heat quickly, maintain recommended temperature/RH, and avoid bruising.",,
Romaine lettuce,Leafy green,5.8–6.2,94–96%,0°C,High,High,Very high,Medium,2–3 weeks,Rapid water loss and respiration require cooling.,"Remove field heat quickly, maintain recommended temperature/RH, and avoid bruising.",,
Iceberg lettuce,Leafy green,5.8–6.2,94–96%,0°C,Medium,Medium,High,Medium,2–3 weeks,Maintains humidity and prevents crushing.,"Sort damaged produce, maintain recommended temperature/RH, and provide airflow.",,
Kale,Leafy green,5.5–6.5,84–90%,0°C,High,High,Very high,Medium,1–2 weeks,Limits wilting while permitting gas exchange.,"Remove field heat quickly, maintain recommended temperature/RH, and avoid bruising.",,
Swiss chard,Leafy green,5.5–6.5,90–94%,0°C,High,High,Very high,Medium,1–2 weeks,Thin leaves lose water rapidly.,"Remove field heat quickly, maintain recommended temperature/RH, and avoid bruising.",,
Collard greens,Leafy green,5.5–6.5,88–92%,0°C,High,High,High,Medium,1–2 weeks,High humidity slows wilting.,"Remove field heat quickly, maintain recommended temperature/RH, and avoid bruising.",,
Mustard greens,Leafy green,5.5–6.5,88–93%,0°C,Very high,High,Very high,Medium,1–2 weeks,High respiration and transpiration.,"Pre-cool as soon as possible, keep cold, avoid airtight packaging, and maintain hygiene.",,
Arugula,Leafy green,5.5–6.5,91–94%,0°C,Very high,High,Very high,Medium,5–10 days,Extremely perishable leafy tissue.,"Pre-cool as soon as possible, keep cold, avoid airtight packaging, and maintain hygiene.",,
Watercress,Leafy green,5.5–6.5,93–96%,0°C,Very high,High,Very high,Medium,5–10 days,Prevents wilting while avoiding stagnant air.,"Pre-cool as soon as possible, keep cold, avoid airtight packaging, and maintain hygiene.",,
Amaranth leaves,Leafy green,5.5–6.5,88–93%,0–5°C,Very high,High,Very high,Medium,3–7 days,Rapid wilting and respiration.,"Pre-cool as soon as possible, keep cold, avoid airtight packaging, and maintain hygiene.",,
Moringa leaves,Leafy green,5.5–6.5,75–85%,8–12°C,Very high,High,High,Medium,3–7 days,Cooling must avoid chilling; retain humidity.,"Pre-cool as soon as possible, keep cold, avoid airtight packaging, and maintain hygiene.",,
Fenugreek leaves,Leafy green,5.5–6.5,85–92%,0–5°C,High,High,High,Medium,3–7 days,Reduces wilting while allowing gas exchange.,"Remove field heat quickly, maintain recommended temperature/RH, and avoid bruising.",,
Coriander leaves,Herb,5.5–6.5,85–92%,0°C,High,High,Very high,Medium,1–2 weeks,High RH is needed to prevent wilting.,"Remove field heat quickly, maintain recommended temperature/RH, and avoid bruising.",,
Parsley,Herb,5.7–6.5,84–90%,0°C,High,High,High,Medium,2–4 weeks,Keeps leaves hydrated while ventilated.,"Remove field heat quickly, maintain recommended temperature/RH, and avoid bruising.",,
Dill,Herb,5.5–6.5,85–92%,0°C,High,High,High,Medium,1–2 weeks,Thin leaves dehydrate quickly.,"Remove field heat quickly, maintain recommended temperature/RH, and avoid bruising.",,
Mint,Herb,6.0–7.0,85–92%,0–5°C,High,High,High,Medium,1–2 weeks,Reduces wilting without condensation.,"Remove field heat quickly, maintain recommended temperature/RH, and avoid bruising.",,
Celery,Stalk vegetable,5.7–6.0,94–96%,0°C,Medium,Medium,High,Low,2–3 months,High RH maintains crispness.,"Sort damaged produce, maintain recommended temperature/RH, and provide airflow.",,
Fennel bulb,Bulb/stem,5.5–6.5,90–94%,0°C,Medium,Low,High,Low,3–8 weeks,Prevents water loss and shriveling.,"Sort damaged produce, maintain recommended temperature/RH, and provide airflow.",,
Tomato,Fruiting vegetable,4.3–4.9,93–95%,10–15°C ripe; 12–20°C green,High,Medium,High,High,1–3 weeks,Avoid chilling; ventilation reduces condensation and bruising.,"Remove field heat quickly, maintain recommended temperature/RH, and avoid bruising.",,
Cherry tomato,Fruiting vegetable,4.0–4.8,93–95%,10–12°C,High,Medium,High,High,1–2 weeks,Protects delicate fruit and permits airflow.,"Remove field heat quickly, maintain recommended temperature/RH, and avoid bruising.",,
Green tomato,Fruiting vegetable,4.2–4.9,93–95%,12–20°C,High,Medium,High,Medium,2–4 weeks,Avoid temperatures below chilling threshold.,"Remove field heat quickly, maintain recommended temperature/RH, and avoid bruising.",,
Bell pepper,Pepper,5.0–5.5,92–95%,7–10°C,Medium,Medium,High,Medium,2–4 weeks,High RH reduces shriveling; avoid chilling.,"Sort damaged produce, maintain recommended temperature/RH, and provide airflow.",,
Chili pepper,Pepper,4.5–6.0,88–92%,7–10°C,High,Medium,High,Medium,1–3 weeks,Retains moisture while allowing respiration.,"Remove field heat quickly, maintain recommended temperature/RH, and avoid bruising.",,
Jalapeno,Pepper,4.5–6.0,88–92%,7–10°C,High,Medium,High,Medium,1–3 weeks,Reduces shriveling and condensation.,"Remove field heat quickly, maintain recommended temperature/RH, and avoid bruising.",,
Cucumber,Fruiting vegetable,5.1–5.8,95–96%,10–12.5°C,High,High,High,Medium,<2 weeks,Sensitive to chilling; high RH slows shriveling.,"Remove field heat quickly, maintain recommended temperature/RH, and avoid bruising.",,
Zucchini,Squash,5.0–5.4,93–95%,7–10°C,High,Medium,High,Medium,1–2 weeks,Avoid chilling; protect from abrasion.,"Remove field heat quickly, maintain recommended temperature/RH, and avoid bruising.",,
Summer squash,Squash,5.0–5.4,93–95%,7–10°C,High,Medium,High,Medium,1–2 weeks,High humidity preserves firmness.,"Remove field heat quickly, maintain recommended temperature/RH, and avoid bruising.",,
Eggplant,Fruiting vegetable,4.5–5.5,92–95%,10–12°C,Medium,Medium,High,Medium,1–2 weeks,Avoid chilling injury and dehydration.,"Sort damaged produce, maintain recommended temperature/RH, and provide airflow.",,
Okra,Fruiting vegetable,5.5–6.5,89–92%,7–10°C,Very high,High,High,Medium,7–10 days,Highly perishable and prone to moisture loss.,"Pre-cool as soon as possible, keep cold, avoid airtight packaging, and maintain hygiene.",,
Pumpkin,Winter squash,4.9–5.5,90–93%,10–15°C,Low,Low,Medium,Low,2–6 months,Curing and dry airflow reduce decay.,"Sort damaged produce, maintain recommended temperature/RH, and provide airflow.",,
Butternut squash,Winter squash,5.0–5.5,86–90%,10–15°C,Low,Low,Medium,Low,2–6 months,Avoid condensation; cured skin supports long storage.,"Sort damaged produce, maintain recommended temperature/RH, and provide airflow.",,
Acorn squash,Winter squash,5.0–5.5,86–90%,10–15°C,Low,Low,Medium,Low,1–3 months,Protects cured surface and avoids moisture buildup.,"Sort damaged produce, maintain recommended temperature/RH, and provide airflow.",,
Bitter gourd,Gourd,5.0–6.0,92–95%,10–12°C,High,High,High,Medium,1–2 weeks,Prevents shriveling but allows gas exchange.,"Remove field heat quickly, maintain recommended temperature/RH, and avoid bruising.",,
Bottle gourd,Gourd,5.0–6.0,92–95%,10–13°C,Medium,Medium,High,Medium,2–3 weeks,Protects from bruising and water loss.,"Sort damaged produce, maintain recommended temperature/RH, and provide airflow.",,
Ridge gourd,Gourd,5.0–6.0,90–94%,10–13°C,High,High,High,Medium,1–2 weeks,High water content requires moisture retention.,"Remove field heat quickly, maintain recommended temperature/RH, and avoid bruising.",,
Snake gourd,Gourd,5.0–6.0,90–94%,10–13°C,High,High,High,Medium,1–2 weeks,Avoid chilling and dehydration.,"Remove field heat quickly, maintain recommended temperature/RH, and avoid bruising.",,
Chayote,Fruiting vegetable,5.5–6.5,90–94%,7–10°C,Medium,Medium,High,Low,1–2 months,Reduces mechanical damage and dehydration.,"Sort damaged produce, maintain recommended temperature/RH, and provide airflow.",,
Tomatillo,Fruiting vegetable,3.8–4.5,90–94%,7–10°C,Medium,Medium,High,Medium,2–4 weeks,Husk offers protection; avoid excess condensation.,"Sort damaged produce, maintain recommended temperature/RH, and provide airflow.",,
Green beans,Legume vegetable,5.6–6.5,90–93%,5–7°C,High,High,High,Low,7–14 days,Rapid respiration; high RH reduces shriveling.,"Remove field heat quickly, maintain recommended temperature/RH, and avoid bruising.",,
French beans,Legume vegetable,5.6–6.5,90–93%,5–7°C,High,High,High,Low,7–14 days,Avoid chilling while maintaining humidity.,"Remove field heat quickly, maintain recommended temperature/RH, and avoid bruising.",,
Snap beans,Legume vegetable,5.6–6.5,90–93%,5–10°C,High,High,High,Low,7–14 days,High respiration and water loss.,"Remove field heat quickly, maintain recommended temperature/RH, and avoid bruising.",,
Snow peas,Legume vegetable,5.8–6.5,90–95%,0–2°C,Very high,High,High,Low,1–2 weeks,Very high respiration; rapid cooling helps.,"Pre-cool as soon as possible, keep cold, avoid airtight packaging, and maintain hygiene.",,
Sugar snap peas,Legume vegetable,5.8–6.5,90–95%,0–2°C,Very high,High,High,Low,1–2 weeks,High respiration and water loss.,"Pre-cool as soon as possible, keep cold, avoid airtight packaging, and maintain hygiene.",,
Green peas,Legume vegetable,5.8–6.5,72–80%,0–2°C,Very high,High,Medium,Low,1–2 weeks,Rapid quality loss; rapid cooling is important.,"Pre-cool as soon as possible, keep cold, avoid airtight packaging, and maintain hygiene.",,
Broad beans,Legume vegetable,5.8–6.5,70–80%,0–5°C,High,Medium,Medium,Low,1–3 weeks,Limits bruising and permits cooling.,"Remove field heat quickly, maintain recommended temperature/RH, and avoid bruising.",,
Lima beans,Legume vegetable,5.6–6.5,65–75%,4–7°C,High,High,Medium,Low,1–2 weeks,Avoid chilling and excessive water loss.,"Remove field heat quickly, maintain recommended temperature/RH, and avoid bruising.",,
Edamame,Legume vegetable,6.0–6.5,68–72%,0–4°C,Very high,High,Medium,Low,5–10 days,Rapid respiration; cool immediately.,"Pre-cool as soon as possible, keep cold, avoid airtight packaging, and maintain hygiene.",,
Fresh chickpeas,Legume vegetable,6.0–6.5,60–70%,0–5°C,High,Medium,Medium,Low,1–2 weeks,Protects tender pods and reduces condensation.,"Remove field heat quickly, maintain recommended temperature/RH, and avoid bruising.",,
Asparagus,Shoot,6.0–6.7,92–95%,0–2°C,Very high,High,Very high,Low,1–2 weeks,Extremely high respiration; rapid cooling and humidity retention.,"Pre-cool as soon as possible, keep cold, avoid airtight packaging, and maintain hygiene.",,
Artichoke,Flower vegetable,5.5–6.0,80–85%,0°C,High,High,High,Low,2–4 weeks,High RH limits browning and wilting.,"Remove field heat quickly, maintain recommended temperature/RH, and avoid bruising.",,
Sweet corn,Cereal vegetable,5.9–7.3,70–75%,0°C,Very high,High,Medium,Low,5–10 days,Very rapid sugar loss; immediate cooling is critical.,"Pre-cool as soon as possible, keep cold, avoid airtight packaging, and maintain hygiene.",,
Bamboo shoots,Shoot,5.5–6.5,90–95%,2–5°C,High,Medium,High,Low,1–3 weeks,High moisture and respiration require cooling.,"Remove field heat quickly, maintain recommended temperature/RH, and avoid bruising.",,
Mushroom,Fungi,6.0–7.0,90–95%,0–2°C,High,High,Very high,High,5–10 days,Needs high humidity but must avoid free water and oxygen depletion.,"Remove field heat quickly, maintain recommended temperature/RH, and avoid bruising.",,
Button mushroom,Fungi,6.0–7.0,90–95%,0–2°C,High,High,Very high,High,5–10 days,Reduces dehydration while allowing gas exchange.,"Remove field heat quickly, maintain recommended temperature/RH, and avoid bruising.",,
Shiitake mushroom,Fungi,5.5–6.5,85–92%,0–4°C,Medium,Medium,High,High,1–2 weeks,Protects delicate caps and controls moisture.,"Sort damaged produce, maintain recommended temperature/RH, and provide airflow.",,
Enoki mushroom,Fungi,5.5–6.5,90–95%,0–4°C,High,High,High,Low,1–2 weeks,Needs high humidity but adequate gas exchange.,"Remove field heat quickly, maintain recommended temperature/RH, and avoid bruising.",,
Leek,Allium,5.5–6.5,83–90%,0°C,Low,Low,High,Low,2–3 months,High RH maintains firmness and reduces wilting.,"Sort damaged produce, maintain recommended temperature/RH, and provide airflow.",,
Green onion,Allium,5.5–6.5,88–93%,0°C,High,High,High,Low,1–3 weeks,Leaves lose water rapidly.,"Remove field heat quickly, maintain recommended temperature/RH, and avoid bruising.",,
Bulb onion,Allium,5.3–5.8,85–90%,0–2°C after curing,Low,Low,Low,High,4–8 months,Needs curing and dry airflow; light can promote sprouting/quality issues.,"Cure/dry properly, remove damaged produce, keep cool and well ventilated.",,
Red onion,Allium,5.3–5.8,85–90%,0–2°C after curing,Low,Low,Low,High,3–6 months,Dry ventilation is more important than moisture retention.,"Cure/dry properly, remove damaged produce, keep cool and well ventilated.",,
Garlic,Allium,5.5–6.5,60–70%,0–2°C for storage,Low,Low,Low,Low,4–8 months,Low humidity and airflow reduce mold and sprouting.,"Cure/dry properly, remove damaged produce, keep cool and well ventilated.",,
Shallot,Allium,5.5–6.5,70–80%,0–2°C,Low,Low,Low,Low,3–6 months,Avoid condensation and retain dry outer scales.,"Cure/dry properly, remove damaged produce, keep cool and well ventilated.",,
Watercress,Leafy green,5.5–6.5,93–96%,0°C,Very high,High,Very high,Medium,5–10 days,Very rapid water loss.,"Pre-cool as soon as possible, keep cold, avoid airtight packaging, and maintain hygiene.",,
Endive,Leafy green,5.5–6.5,94–96%,0°C,High,High,Very high,Low,2–3 weeks,Maintains crispness and prevents wilting.,"Remove field heat quickly, maintain recommended temperature/RH, and avoid bruising.",,
Escarole,Leafy green,5.5–6.5,94–96%,0°C,High,High,Very high,Low,1–2 weeks,High humidity protects leaves.,"Remove field heat quickly, maintain recommended temperature/RH, and avoid bruising.",,
Sorrel,Leafy green,5.5–6.5,88–94%,0–5°C,High,High,High,Medium,5–10 days,Tender leaves dehydrate rapidly.,"Remove field heat quickly, maintain recommended temperature/RH, and avoid bruising.",,
Turnip greens,Leafy green,5.5–6.5,90–94%,0°C,Very high,High,Very high,Medium,5–10 days,Perforated high-RH bag,High surface area causes rapid water loss.,"Pre-cool as soon as possible, keep cold, avoid airtight packaging, and maintain hygiene.",
Beet greens,Leafy green,5.5–6.5,90–94%,0°C,Very high,High,Very high,Medium,5–10 days,Perforated high-RH bag,Needs immediate cooling and high humidity.,"Pre-cool as soon as possible, keep cold, avoid airtight packaging, and maintain hygiene.",
Radish greens,Leafy green,5.5–6.5,90–94%,0°C,Very high,High,Very high,Medium,5–10 days,Perforated high-RH bag,High transpiration; remove field heat quickly.,"Pre-cool as soon as possible, keep cold, avoid airtight packaging, and maintain hygiene.",
Pea shoots,Leafy/young shoot,5.8–6.5,88–94%,0–5°C,Very high,High,Very high,Medium,3–7 days,Perforated high-RH pack,"Very tender, high respiration tissue.","Pre-cool as soon as possible, keep cold, avoid airtight packaging, and maintain hygiene.",
Mustard greens,Leafy green,5.5–6.5,88–93%,0°C,Very high,High,Very high,Medium,5–10 days,Perforated high-RH bag,Rapid wilting and respiration.,"Pre-cool as soon as possible, keep cold, avoid airtight packaging, and maintain hygiene.",
Bok choy,Brassica leafy,5.5–6.5,95–97%,0°C,High,High,Very high,Low,2–3 weeks,Perforated liner + carton,High RH maintains crisp stems/leaves.,"Remove field heat quickly, maintain recommended temperature/RH, and avoid bruising.",
Kohlrabi greens,Leafy/brassica,5.5–6.5,90–94%,0°C,High,High,High,Medium,5–10 days,Perforated high-RH bag,Leafy material loses water rapidly.,"Remove field heat quickly, maintain recommended temperature/RH, and avoid bruising.",
Rapini,Brassica leafy,5.5–6.5,88–92%,0°C,Very high,High,Very high,Medium,5–10 days,Perforated high-RH bag,Very high respiration and water loss.,"Pre-cool as soon as possible, keep cold, avoid airtight packaging, and maintain hygiene.",
Romanesco,Brassica,5.5–6.5,90–94%,0°C,High,High,High,Low,2–4 weeks,Vented carton + liner,Cold and high RH slow yellowing and decay.,"Remove field heat quickly, maintain recommended temperature/RH, and avoid bruising.",
Broccoli sprouts,Sprouts,6.0–6.5,90–95%,0–5°C,Very high,High,Very high,Low,3–7 days,Breathable food-grade tray,Very high respiration; avoid oxygen depletion.,"Pre-cool as soon as possible, keep cold, avoid airtight packaging, and maintain hygiene.",
Bean sprouts,Sprouts,6.0–7.0,90–95%,0–5°C,Very high,High,Very high,Low,3–7 days,Perforated chilled pack,High respiration and microbial risk require rapid cooling.,"Pre-cool as soon as possible, keep cold, avoid airtight packaging, and maintain hygiene.",
Alfalfa sprouts,Sprouts,6.0–7.0,90–95%,0–5°C,Very high,High,Very high,Low,3–7 days,Perforated chilled pack,Highly perishable; maintain cold chain.,"Pre-cool as soon as possible, keep cold, avoid airtight packaging, and maintain hygiene.",
Mustard sprouts,Sprouts,5.5–6.5,90–95%,0–5°C,Very high,High,Very high,Low,3–7 days,Perforated chilled pack,Rapid respiration and moisture loss.,"Pre-cool as soon as possible, keep cold, avoid airtight packaging, and maintain hygiene.",
Mung bean sprouts,Sprouts,6.0–7.0,90–95%,0–5°C,Very high,High,Very high,Low,3–7 days,Perforated chilled pack,Requires rapid cooling and sanitary handling.,"Pre-cool as soon as possible, keep cold, avoid airtight packaging, and maintain hygiene.",
Water spinach,Leafy green,5.5–6.5,90–95%,0–5°C,Very high,High,Very high,Medium,3–7 days,Perforated high-RH bag,Tender stems and leaves wilt rapidly.,"Pre-cool as soon as possible, keep cold, avoid airtight packaging, and maintain hygiene.",
Sweet potato leaves,Leafy green,5.5–6.5,88–94%,8–12°C,High,High,Very high,Medium,3–7 days,Perforated high-RH bag,Avoid chilling while retaining moisture.,"Remove field heat quickly, maintain recommended temperature/RH, and avoid bruising.",
Rice,Cereals & grains,6.0–6.8,11–14%,15–25°C,Low,Medium–High,High,Medium,6–18 months,Hermetic food-grade bag / multilayer liner,Controls moisture and insect/oxygen exposure during dry storage.,Dry to a safe grain moisture level before storage; remove damaged grain and keep the store clean and dry.,
Brown rice,Cereals & grains,5.5–7.0,8–14%,10–25°C,Low,Medium,High,Medium,6–18 months,Hermetic food-grade bag / multilayer liner,Controls moisture and insect/oxygen exposure during dry storage.,Dry to a safe grain moisture level before storage; remove damaged grain and keep the store clean and dry.,
Basmati rice,Cereals & grains,5.5–7.0,8–14%,10–25°C,Low,Medium,High,Medium,6–18 months,Hermetic food-grade bag / multilayer liner,Controls moisture and insect/oxygen exposure during dry storage.,Dry to a safe grain moisture level before storage; remove damaged grain and keep the store clean and dry.,
Jasmine rice,Cereals & grains,5.5–7.0,8–14%,10–25°C,Low,Medium,High,Medium,6–18 months,Hermetic food-grade bag / multilayer liner,Controls moisture and insect/oxygen exposure during dry storage.,Dry to a safe grain moisture level before storage; remove damaged grain and keep the store clean and dry.,
Parboiled rice,Cereals & grains,5.5–7.0,8–14%,10–25°C,Low,Medium,High,Medium,6–18 months,Hermetic food-grade bag / multilayer liner,Controls moisture and insect/oxygen exposure during dry storage.,Dry to a safe grain moisture level before storage; remove damaged grain and keep the store clean and dry.,
Glutinous rice,Cereals & grains,5.5–7.0,8–14%,10–25°C,Low,Medium,High,Medium,6–18 months,Hermetic food-grade bag / multilayer liner,Controls moisture and insect/oxygen exposure during dry storage.,Dry to a safe grain moisture level before storage; remove damaged grain and keep the store clean and dry.,
Wild rice,Cereals & grains,5.5–7.0,8–14%,10–25°C,Low,Medium,High,Medium,6–18 months,Hermetic food-grade bag / multilayer liner,Controls moisture and insect/oxygen exposure during dry storage.,Dry to a safe grain moisture level before storage; remove damaged grain and keep the store clean and dry.,
Black rice,Cereals & grains,5.5–7.0,8–14%,10–25°C,Low,Medium,High,Medium,6–18 months,Hermetic food-grade bag / multilayer liner,Controls moisture and insect/oxygen exposure during dry storage.,Dry to a safe grain moisture level before storage; remove damaged grain and keep the store clean and dry.,
Red rice,Cereals & grains,5.5–7.0,8–14%,10–25°C,Low,Medium,High,Medium,6–18 months,Hermetic food-grade bag / multilayer liner,Controls moisture and insect/oxygen exposure during dry storage.,Dry to a safe grain moisture level before storage; remove damaged grain and keep the store clean and dry.,
Corn grain,Cereals & grains,5.5–7.0,8–14%,10–25°C,Low,Medium,High,Medium,6–18 months,Hermetic food-grade bag / multilayer liner,Controls moisture and insect/oxygen exposure during dry storage.,Dry to a safe grain moisture level before storage; remove damaged grain and keep the store clean and dry.,
Sweet corn grain,Cereals & grains,5.5–7.0,8–14%,10–25°C,Low,Medium,High,Medium,6–18 months,Hermetic food-grade bag / multilayer liner,Controls moisture and insect/oxygen exposure during dry storage.,Dry to a safe grain moisture level before storage; remove damaged grain and keep the store clean and dry.,
Popcorn,Cereals & grains,5.5–7.0,8–14%,10–25°C,Low,Medium,High,Medium,6–18 months,Hermetic food-grade bag / multilayer liner,Controls moisture and insect/oxygen exposure during dry storage.,Dry to a safe grain moisture level before storage; remove damaged grain and keep the store clean and dry.,
Sorghum,Cereals & grains,5.5–7.0,8–14%,10–25°C,Low,Medium,High,Medium,6–18 months,Hermetic food-grade bag / multilayer liner,Controls moisture and insect/oxygen exposure during dry storage.,Dry to a safe grain moisture level before storage; remove damaged grain and keep the store clean and dry.,
Pearl millet,Cereals & grains,5.5–7.0,8–14%,10–25°C,Low,Medium,High,Medium,6–18 months,Hermetic food-grade bag / multilayer liner,Controls moisture and insect/oxygen exposure during dry storage.,Dry to a safe grain moisture level before storage; remove damaged grain and keep the store clean and dry.,
Finger millet,Cereals & grains,5.5–7.0,8–14%,10–25°C,Low,Medium,High,Medium,6–18 months,Hermetic food-grade bag / multilayer liner,Controls moisture and insect/oxygen exposure during dry storage.,Dry to a safe grain moisture level before storage; remove damaged grain and keep the store clean and dry.,
Foxtail millet,Cereals & grains,5.5–7.0,8–14%,10–25°C,Low,Medium,High,Medium,6–18 months,Hermetic food-grade bag / multilayer liner,Controls moisture and insect/oxygen exposure during dry storage.,Dry to a safe grain moisture level before storage; remove damaged grain and keep the store clean and dry.,
Proso millet,Cereals & grains,5.5–7.0,8–14%,10–25°C,Low,Medium,High,Medium,6–18 months,Hermetic food-grade bag / multilayer liner,Controls moisture and insect/oxygen exposure during dry storage.,Dry to a safe grain moisture level before storage; remove damaged grain and keep the store clean and dry.,
Barnyard millet,Cereals & grains,5.5–7.0,8–14%,10–25°C,Low,Medium,High,Medium,6–18 months,Hermetic food-grade bag / multilayer liner,Controls moisture and insect/oxygen exposure during dry storage.,Dry to a safe grain moisture level before storage; remove damaged grain and keep the store clean and dry.,
Kodo millet,Cereals & grains,5.5–7.0,8–14%,10–25°C,Low,Medium,High,Medium,6–18 months,Hermetic food-grade bag / multilayer liner,Controls moisture and insect/oxygen exposure during dry storage.,Dry to a safe grain moisture level before storage; remove damaged grain and keep the store clean and dry.,
Little millet,Cereals & grains,5.5–7.0,8–14%,10–25°C,Low,Medium,High,Medium,6–18 months,Hermetic food-grade bag / multilayer liner,Controls moisture and insect/oxygen exposure during dry storage.,Dry to a safe grain moisture level before storage; remove damaged grain and keep the store clean and dry.,
Browntop millet,Cereals & grains,5.5–7.0,8–14%,10–25°C,Low,Medium,High,Medium,6–18 months,Hermetic food-grade bag / multilayer liner,Controls moisture and insect/oxygen exposure during dry storage.,Dry to a safe grain moisture level before storage; remove damaged grain and keep the store clean and dry.,
Teff,Cereals & grains,5.5–7.0,8–14%,10–25°C,Low,Medium,High,Medium,6–18 months,Hermetic food-grade bag / multilayer liner,Controls moisture and insect/oxygen exposure during dry storage.,Dry to a safe grain moisture level before storage; remove damaged grain and keep the store clean and dry.,
Fonio,Cereals & grains,5.5–7.0,8–14%,10–25°C,Low,Medium,High,Medium,6–18 months,Hermetic food-grade bag / multilayer liner,Controls moisture and insect/oxygen exposure during dry storage.,Dry to a safe grain moisture level before storage; remove damaged grain and keep the store clean and dry.,
Maize flour,Cereals & grains,5.5–7.0,8–14%,10–25°C,Low,Medium,High,Medium,6–18 months,Hermetic food-grade bag / multilayer liner,Controls moisture and insect/oxygen exposure during dry storage.,Dry to a safe grain moisture level before storage; remove damaged grain and keep the store clean and dry.,
Wheat,Cereals & grains,5.5–6.5,10–14%,10–25°C,Low,Medium–High,High,Medium,6–18 months,Hermetic food-grade bag / multilayer liner,Controls moisture and insect/oxygen exposure during dry storage.,Dry to a safe grain moisture level before storage; remove damaged grain and keep the store clean and dry.,
Durum wheat,Cereals & grains,5.5–7.0,8–14%,10–25°C,Low,Medium,High,Medium,6–18 months,Hermetic food-grade bag / multilayer liner,Controls moisture and insect/oxygen exposure during dry storage.,Dry to a safe grain moisture level before storage; remove damaged grain and keep the store clean and dry.,
Hard red wheat,Cereals & grains,5.5–7.0,8–14%,10–25°C,Low,Medium,High,Medium,6–18 months,Hermetic food-grade bag / multilayer liner,Controls moisture and insect/oxygen exposure during dry storage.,Dry to a safe grain moisture level before storage; remove damaged grain and keep the store clean and dry.,
Soft wheat,Cereals & grains,5.5–7.0,8–14%,10–25°C,Low,Medium,High,Medium,6–18 months,Hermetic food-grade bag / multilayer liner,Controls moisture and insect/oxygen exposure during dry storage.,Dry to a safe grain moisture level before storage; remove damaged grain and keep the store clean and dry.,
Spelt,Cereals & grains,5.5–7.0,8–14%,10–25°C,Low,Medium,High,Medium,6–18 months,Hermetic food-grade bag / multilayer liner,Controls moisture and insect/oxygen exposure during dry storage.,Dry to a safe grain moisture level before storage; remove damaged grain and keep the store clean and dry.,
Emmer,Cereals & grains,5.5–7.0,8–14%,10–25°C,Low,Medium,High,Medium,6–18 months,Hermetic food-grade bag / multilayer liner,Controls moisture and insect/oxygen exposure during dry storage.,Dry to a safe grain moisture level before storage; remove damaged grain and keep the store clean and dry.,
Einkorn,Cereals & grains,5.5–7.0,8–14%,10–25°C,Low,Medium,High,Medium,6–18 months,Hermetic food-grade bag / multilayer liner,Controls moisture and insect/oxygen exposure during dry storage.,Dry to a safe grain moisture level before storage; remove damaged grain and keep the store clean and dry.,
Kamut,Cereals & grains,5.5–7.0,8–14%,10–25°C,Low,Medium,High,Medium,6–18 months,Hermetic food-grade bag / multilayer liner,Controls moisture and insect/oxygen exposure during dry storage.,Dry to a safe grain moisture level before storage; remove damaged grain and keep the store clean and dry.,
Rye,Cereals & grains,5.5–7.0,8–14%,10–25°C,Low,Medium,High,Medium,6–18 months,Hermetic food-grade bag / multilayer liner,Controls moisture and insect/oxygen exposure during dry storage.,Dry to a safe grain moisture level before storage; remove damaged grain and keep the store clean and dry.,
Barley,Cereals & grains,5.5–7.0,8–14%,10–25°C,Low,Medium,High,Medium,6–18 months,Hermetic food-grade bag / multilayer liner,Controls moisture and insect/oxygen exposure during dry storage.,Dry to a safe grain moisture level before storage; remove damaged grain and keep the store clean and dry.,
Hulled barley,Cereals & grains,5.5–7.0,8–14%,10–25°C,Low,Medium,High,Medium,6–18 months,Hermetic food-grade bag / multilayer liner,Controls moisture and insect/oxygen exposure during dry storage.,Dry to a safe grain moisture level before storage; remove damaged grain and keep the store clean and dry.,
Pearl barley,Cereals & grains,5.5–7.0,8–14%,10–25°C,Low,Medium,High,Medium,6–18 months,Hermetic food-grade bag / multilayer liner,Controls moisture and insect/oxygen exposure during dry storage.,Dry to a safe grain moisture level before storage; remove damaged grain and keep the store clean and dry.,
Oats,Cereals & grains,5.5–7.0,8–14%,10–25°C,Low,Medium,High,Medium,6–18 months,Hermetic food-grade bag / multilayer liner,Controls moisture and insect/oxygen exposure during dry storage.,Dry to a safe grain moisture level before storage; remove damaged grain and keep the store clean and dry.,
Rolled oats,Cereals & grains,5.5–7.0,8–14%,10–25°C,Low,Medium,High,Medium,6–18 months,Hermetic food-grade bag / multilayer liner,Controls moisture and insect/oxygen exposure during dry storage.,Dry to a safe grain moisture level before storage; remove damaged grain and keep the store clean and dry.,
Steel-cut oats,Cereals & grains,5.5–7.0,8–14%,10–25°C,Low,Medium,High,Medium,6–18 months,Hermetic food-grade bag / multilayer liner,Controls moisture and insect/oxygen exposure during dry storage.,Dry to a safe grain moisture level before storage; remove damaged grain and keep the store clean and dry.,
Buckwheat,Cereals & grains,5.5–7.0,8–14%,10–25°C,Low,Medium,High,Medium,6–18 months,Hermetic food-grade bag / multilayer liner,Controls moisture and insect/oxygen exposure during dry storage.,Dry to a safe grain moisture level before storage; remove damaged grain and keep the store clean and dry.,
Quinoa,Cereals & grains,5.5–7.0,8–14%,10–25°C,Low,Medium,High,Medium,6–18 months,Hermetic food-grade bag / multilayer liner,Controls moisture and insect/oxygen exposure during dry storage.,Dry to a safe grain moisture level before storage; remove damaged grain and keep the store clean and dry.,
Amaranth grain,Cereals & grains,5.5–7.0,8–14%,10–25°C,Low,Medium,High,Medium,6–18 months,Hermetic food-grade bag / multilayer liner,Controls moisture and insect/oxygen exposure during dry storage.,Dry to a safe grain moisture level before storage; remove damaged grain and keep the store clean and dry.,
Triticale,Cereals & grains,5.5–7.0,8–14%,10–25°C,Low,Medium,High,Medium,6–18 months,Hermetic food-grade bag / multilayer liner,Controls moisture and insect/oxygen exposure during dry storage.,Dry to a safe grain moisture level before storage; remove damaged grain and keep the store clean and dry.,
Canary seed,Cereals & grains,5.5–7.0,8–14%,10–25°C,Low,Medium,High,Medium,6–18 months,Hermetic food-grade bag / multilayer liner,Controls moisture and insect/oxygen exposure during dry storage.,Dry to a safe grain moisture level before storage; remove damaged grain and keep the store clean and dry.,
Job's tears,Cereals & grains,5.5–7.0,8–14%,10–25°C,Low,Medium,High,Medium,6–18 months,Hermetic food-grade bag / multilayer liner,Controls moisture and insect/oxygen exposure during dry storage.,Dry to a safe grain moisture level before storage; remove damaged grain and keep the store clean and dry.,
Freekeh,Cereals & grains,5.5–7.0,8–14%,10–25°C,Low,Medium,High,Medium,6–18 months,Hermetic food-grade bag / multilayer liner,Controls moisture and insect/oxygen exposure during dry storage.,Dry to a safe grain moisture level before storage; remove damaged grain and keep the store clean and dry.,
Wheat berries,Cereals & grains,5.5–7.0,8–14%,10–25°C,Low,Medium,High,Medium,6–18 months,Hermetic food-grade bag / multilayer liner,Controls moisture and insect/oxygen exposure during dry storage.,Dry to a safe grain moisture level before storage; remove damaged grain and keep the store clean and dry.,
Rye berries,Cereals & grains,5.5–7.0,8–14%,10–25°C,Low,Medium,High,Medium,6–18 months,Hermetic food-grade bag / multilayer liner,Controls moisture and insect/oxygen exposure during dry storage.,Dry to a safe grain moisture level before storage; remove damaged grain and keep the store clean and dry.,
Oat groats,Cereals & grains,5.5–7.0,8–14%,10–25°C,Low,Medium,High,Medium,6–18 months,Hermetic food-grade bag / multilayer liner,Controls moisture and insect/oxygen exposure during dry storage.,Dry to a safe grain moisture level before storage; remove damaged grain and keep the store clean and dry.,
Barley groats,Cereals & grains,5.5–7.0,8–14%,10–25°C,Low,Medium,High,Medium,6–18 months,Hermetic food-grade bag / multilayer liner,Controls moisture and insect/oxygen exposure during dry storage.,Dry to a safe grain moisture level before storage; remove damaged grain and keep the store clean and dry.,
Millet flour,Cereals & grains,5.5–7.0,8–14%,10–25°C,Low,Medium,High,Medium,6–18 months,Hermetic food-grade bag / multilayer liner,Controls moisture and insect/oxygen exposure during dry storage.,Dry to a safe grain moisture level before storage; remove damaged grain and keep the store clean and dry.,
Sorghum flour,Cereals & grains,5.5–7.0,8–14%,10–25°C,Low,Medium,High,Medium,6–18 months,Hermetic food-grade bag / multilayer liner,Controls moisture and insect/oxygen exposure during dry storage.,Dry to a safe grain moisture level before storage; remove damaged grain and keep the store clean and dry.,
Rye flour,Cereals & grains,5.5–7.0,8–14%,10–25°C,Low,Medium,High,Medium,6–18 months,Hermetic food-grade bag / multilayer liner,Controls moisture and insect/oxygen exposure during dry storage.,Dry to a safe grain moisture level before storage; remove damaged grain and keep the store clean and dry.,
Cornmeal,Cereals & grains,5.5–7.0,8–14%,10–25°C,Low,Medium,High,Medium,6–18 months,Hermetic food-grade bag / multilayer liner,Controls moisture and insect/oxygen exposure during dry storage.,Dry to a safe grain moisture level before storage; remove damaged grain and keep the store clean and dry.,
Corn grits,Cereals & grains,5.5–7.0,8–14%,10–25°C,Low,Medium,High,Medium,6–18 months,Hermetic food-grade bag / multilayer liner,Controls moisture and insect/oxygen exposure during dry storage.,Dry to a safe grain moisture level before storage; remove damaged grain and keep the store clean and dry.,
Apple,Fresh fruits,3.3–4.0,83–86%,0–4°C,Low–Medium,Medium,High,Medium,1–6 months,Ventilated food-grade carton/crate with perforated liner,Reduces bruising and water loss while allowing cooling and respiration.,"Harvest at appropriate maturity, remove damaged fruit, pre-cool when appropriate and maintain the commodity-specific cold chain.",
Pear,Fresh fruits,3.4–4.7,83–85%,-1–1°C,Low–Medium,Medium,High,Medium,1–6 months,Ventilated food-grade carton/crate with perforated liner,Reduces bruising and water loss while allowing cooling and respiration.,"Harvest at appropriate maturity, remove damaged fruit, pre-cool when appropriate and maintain the commodity-specific cold chain.",
Asian pear,Fresh fruits,3.0–6.5,75–95%,0–13°C*,Medium–High,Medium–High,High,Medium,1–12 weeks*,Ventilated food-grade carton/crate with perforated liner,Reduces bruising and water loss while allowing cooling and respiration.,"Harvest at appropriate maturity, remove damaged fruit, pre-cool when appropriate and maintain the commodity-specific cold chain.",
Quince,Fresh fruits,3.0–6.5,75–95%,0–13°C*,Medium–High,Medium–High,High,Medium,1–12 weeks*,Ventilated food-grade carton/crate with perforated liner,Reduces bruising and water loss while allowing cooling and respiration.,"Harvest at appropriate maturity, remove damaged fruit, pre-cool when appropriate and maintain the commodity-specific cold chain.",
Apricot,Fresh fruits,3.5–4.5,85–90%,-0.5–0°C,High,High,High,Medium,1–2 weeks,Ventilated food-grade carton/crate with perforated liner,Reduces bruising and water loss while allowing cooling and respiration.,"Harvest at appropriate maturity, remove damaged fruit, pre-cool when appropriate and maintain the commodity-specific cold chain.",
Peach,Fresh fruits,3.0–6.5,75–95%,0–13°C*,Medium–High,Medium–High,High,Medium,1–12 weeks*,Ventilated food-grade carton/crate with perforated liner,Reduces bruising and water loss while allowing cooling and respiration.,"Harvest at appropriate maturity, remove damaged fruit, pre-cool when appropriate and maintain the commodity-specific cold chain.",
Nectarine,Fresh fruits,3.0–6.5,75–95%,0–13°C*,Medium–High,Medium–High,High,Medium,1–12 weeks*,Ventilated food-grade carton/crate with perforated liner,Reduces bruising and water loss while allowing cooling and respiration.,"Harvest at appropriate maturity, remove damaged fruit, pre-cool when appropriate and maintain the commodity-specific cold chain.",
Plum,Fresh fruits,3.0–6.5,75–95%,0–13°C*,Medium–High,Medium–High,High,Medium,1–12 weeks*,Ventilated food-grade carton/crate with perforated liner,Reduces bruising and water loss while allowing cooling and respiration.,"Harvest at appropriate maturity, remove damaged fruit, pre-cool when appropriate and maintain the commodity-specific cold chain.",
Cherry,Fresh fruits,3.0–6.5,75–95%,0–13°C*,Medium–High,Medium–High,High,Medium,1–12 weeks*,Ventilated food-grade carton/crate with perforated liner,Reduces bruising and water loss while allowing cooling and respiration.,"Harvest at appropriate maturity, remove damaged fruit, pre-cool when appropriate and maintain the commodity-specific cold chain.",
Sour cherry,Fresh fruits,3.0–6.5,75–95%,0–13°C*,Medium–High,Medium–High,High,Medium,1–12 weeks*,Ventilated food-grade carton/crate with perforated liner,Reduces bruising and water loss while allowing cooling and respiration.,"Harvest at appropriate maturity, remove damaged fruit, pre-cool when appropriate and maintain the commodity-specific cold chain.",
Mango,Fresh fruits,3.4–5.8,80–84%,10–13°C,High,High,High,Medium,1–3 weeks,Ventilated food-grade carton/crate with perforated liner,Reduces bruising and water loss while allowing cooling and respiration.,"Harvest at appropriate maturity, remove damaged fruit, pre-cool when appropriate and maintain the commodity-specific cold chain.",
Papaya,Fresh fruits,3.0–6.5,75–95%,0–13°C*,Medium–High,Medium–High,High,Medium,1–12 weeks*,Ventilated food-grade carton/crate with perforated liner,Reduces bruising and water loss while allowing cooling and respiration.,"Harvest at appropriate maturity, remove damaged fruit, pre-cool when appropriate and maintain the commodity-specific cold chain.",
Pineapple,Fresh fruits,3.2–4.0,85–88%,7–10°C,Medium,Medium,High,Medium,2–4 weeks,Ventilated food-grade carton/crate with perforated liner,Reduces bruising and water loss while allowing cooling and respiration.,"Harvest at appropriate maturity, remove damaged fruit, pre-cool when appropriate and maintain the commodity-specific cold chain.",
Banana,Fresh fruits,4.5–5.2,70–75%,13–14°C,High,High,High,Medium,2–4 weeks,Ventilated food-grade carton/crate with perforated liner,Reduces bruising and water loss while allowing cooling and respiration.,"Harvest at appropriate maturity, remove damaged fruit, pre-cool when appropriate and maintain the commodity-specific cold chain.",
Plantain,Fresh fruits,3.0–6.5,75–95%,0–13°C*,Medium–High,Medium–High,High,Medium,1–12 weeks*,Ventilated food-grade carton/crate with perforated liner,Reduces bruising and water loss while allowing cooling and respiration.,"Harvest at appropriate maturity, remove damaged fruit, pre-cool when appropriate and maintain the commodity-specific cold chain.",
Avocado,Fresh fruits,6.0–6.6,70–75%,5–13°C*,Medium,Medium–High,High,Medium,2–8 weeks*,Ventilated food-grade carton/crate with perforated liner,Reduces bruising and water loss while allowing cooling and respiration.,"Harvest at appropriate maturity, remove damaged fruit, pre-cool when appropriate and maintain the commodity-specific cold chain.",
Guava,Fresh fruits,3.0–6.5,75–95%,0–13°C*,Medium–High,Medium–High,High,Medium,1–12 weeks*,Ventilated food-grade carton/crate with perforated liner,Reduces bruising and water loss while allowing cooling and respiration.,"Harvest at appropriate maturity, remove damaged fruit, pre-cool when appropriate and maintain the commodity-specific cold chain.",
Feijoa,Fresh fruits,3.0–6.5,75–95%,0–13°C*,Medium–High,Medium–High,High,Medium,1–12 weeks*,Ventilated food-grade carton/crate with perforated liner,Reduces bruising and water loss while allowing cooling and respiration.,"Harvest at appropriate maturity, remove damaged fruit, pre-cool when appropriate and maintain the commodity-specific cold chain.",
Passion fruit,Fresh fruits,3.0–6.5,75–95%,0–13°C*,Medium–High,Medium–High,High,Medium,1–12 weeks*,Ventilated food-grade carton/crate with perforated liner,Reduces bruising and water loss while allowing cooling and respiration.,"Harvest at appropriate maturity, remove damaged fruit, pre-cool when appropriate and maintain the commodity-specific cold chain.",
Dragon fruit,Fresh fruits,3.0–6.5,75–95%,0–13°C*,Medium–High,Medium–High,High,Medium,1–12 weeks*,Ventilated food-grade carton/crate with perforated liner,Reduces bruising and water loss while allowing cooling and respiration.,"Harvest at appropriate maturity, remove damaged fruit, pre-cool when appropriate and maintain the commodity-specific cold chain.",
Kiwi,Fresh fruits,3.0–6.5,75–95%,0–13°C*,Medium–High,Medium–High,High,Medium,1–12 weeks*,Ventilated food-grade carton/crate with perforated liner,Reduces bruising and water loss while allowing cooling and respiration.,"Harvest at appropriate maturity, remove damaged fruit, pre-cool when appropriate and maintain the commodity-specific cold chain.",
Persimmon,Fresh fruits,3.0–6.5,75–95%,0–13°C*,Medium–High,Medium–High,High,Medium,1–12 weeks*,Ventilated food-grade carton/crate with perforated liner,Reduces bruising and water loss while allowing cooling and respiration.,"Harvest at appropriate maturity, remove damaged fruit, pre-cool when appropriate and maintain the commodity-specific cold chain.",
Pomegranate,Fresh fruits,3.0–6.5,75–95%,0–13°C*,Medium–High,Medium–High,High,Medium,1–12 weeks*,Ventilated food-grade carton/crate with perforated liner,Reduces bruising and water loss while allowing cooling and respiration.,"Harvest at appropriate maturity, remove damaged fruit, pre-cool when appropriate and maintain the commodity-specific cold chain.",
Fig,Fresh fruits,4.5–5.5,75–80%,-1–0°C,Low–Medium,Medium,High,Medium,1–2 weeks,Ventilated food-grade carton/crate with perforated liner,Reduces bruising and water loss while allowing cooling and respiration.,"Harvest at appropriate maturity, remove damaged fruit, pre-cool when appropriate and maintain the commodity-specific cold chain.",
Date fresh,Fresh fruits,3.0–6.5,75–95%,0–13°C*,Medium–High,Medium–High,High,Medium,1–12 weeks*,Ventilated food-grade carton/crate with perforated liner,Reduces bruising and water loss while allowing cooling and respiration.,"Harvest at appropriate maturity, remove damaged fruit, pre-cool when appropriate and maintain the commodity-specific cold chain.",
Jujube,Fresh fruits,3.0–6.5,75–95%,0–13°C*,Medium–High,Medium–High,High,Medium,1–12 weeks*,Ventilated food-grade carton/crate with perforated liner,Reduces bruising and water loss while allowing cooling and respiration.,"Harvest at appropriate maturity, remove damaged fruit, pre-cool when appropriate and maintain the commodity-specific cold chain.",
Loquat,Fresh fruits,3.0–6.5,75–95%,0–13°C*,Medium–High,Medium–High,High,Medium,1–12 weeks*,Ventilated food-grade carton/crate with perforated liner,Reduces bruising and water loss while allowing cooling and respiration.,"Harvest at appropriate maturity, remove damaged fruit, pre-cool when appropriate and maintain the commodity-specific cold chain.",
Lychee,Fresh fruits,3.0–6.5,75–95%,0–13°C*,Medium–High,Medium–High,High,Medium,1–12 weeks*,Ventilated food-grade carton/crate with perforated liner,Reduces bruising and water loss while allowing cooling and respiration.,"Harvest at appropriate maturity, remove damaged fruit, pre-cool when appropriate and maintain the commodity-specific cold chain.",
Longan,Fresh fruits,3.0–6.5,75–95%,0–13°C*,Medium–High,Medium–High,High,Medium,1–12 weeks*,Ventilated food-grade carton/crate with perforated liner,Reduces bruising and water loss while allowing cooling and respiration.,"Harvest at appropriate maturity, remove damaged fruit, pre-cool when appropriate and maintain the commodity-specific cold chain.",
Rambutan,Fresh fruits,3.0–6.5,75–95%,0–13°C*,Medium–High,Medium–High,High,Medium,1–12 weeks*,Ventilated food-grade carton/crate with perforated liner,Reduces bruising and water loss while allowing cooling and respiration.,"Harvest at appropriate maturity, remove damaged fruit, pre-cool when appropriate and maintain the commodity-specific cold chain.",
Mangosteen,Fresh fruits,3.0–6.5,75–95%,0–13°C*,Medium–High,Medium–High,High,Medium,1–12 weeks*,Ventilated food-grade carton/crate with perforated liner,Reduces bruising and water loss while allowing cooling and respiration.,"Harvest at appropriate maturity, remove damaged fruit, pre-cool when appropriate and maintain the commodity-specific cold chain.",
Durian,Fresh fruits,3.0–6.5,75–95%,0–13°C*,Medium–High,Medium–High,High,Medium,1–12 weeks*,Ventilated food-grade carton/crate with perforated liner,Reduces bruising and water loss while allowing cooling and respiration.,"Harvest at appropriate maturity, remove damaged fruit, pre-cool when appropriate and maintain the commodity-specific cold chain.",
Jackfruit,Fresh fruits,3.0–6.5,75–95%,0–13°C*,Medium–High,Medium–High,High,Medium,1–12 weeks*,Ventilated food-grade carton/crate with perforated liner,Reduces bruising and water loss while allowing cooling and respiration.,"Harvest at appropriate maturity, remove damaged fruit, pre-cool when appropriate and maintain the commodity-specific cold chain.",
Breadfruit,Fresh fruits,3.0–6.5,75–95%,0–13°C*,Medium–High,Medium–High,High,Medium,1–12 weeks*,Ventilated food-grade carton/crate with perforated liner,Reduces bruising and water loss while allowing cooling and respiration.,"Harvest at appropriate maturity, remove damaged fruit, pre-cool when appropriate and maintain the commodity-specific cold chain.",
Sapodilla,Fresh fruits,3.0–6.5,75–95%,0–13°C*,Medium–High,Medium–High,High,Medium,1–12 weeks*,Ventilated food-grade carton/crate with perforated liner,Reduces bruising and water loss while allowing cooling and respiration.,"Harvest at appropriate maturity, remove damaged fruit, pre-cool when appropriate and maintain the commodity-specific cold chain.",
Custard apple,Fresh fruits,3.0–6.5,75–95%,0–13°C*,Medium–High,Medium–High,High,Medium,1–12 weeks*,Ventilated food-grade carton/crate with perforated liner,Reduces bruising and water loss while allowing cooling and respiration.,"Harvest at appropriate maturity, remove damaged fruit, pre-cool when appropriate and maintain the commodity-specific cold chain.",
Soursop,Fresh fruits,3.0–6.5,75–95%,0–13°C*,Medium–High,Medium–High,High,Medium,1–12 weeks*,Ventilated food-grade carton/crate with perforated liner,Reduces bruising and water loss while allowing cooling and respiration.,"Harvest at appropriate maturity, remove damaged fruit, pre-cool when appropriate and maintain the commodity-specific cold chain.",
Cherimoya,Fresh fruits,3.0–6.5,75–95%,0–13°C*,Medium–High,Medium–High,High,Medium,1–12 weeks*,Ventilated food-grade carton/crate with perforated liner,Reduces bruising and water loss while allowing cooling and respiration.,"Harvest at appropriate maturity, remove damaged fruit, pre-cool when appropriate and maintain the commodity-specific cold chain.",
Atemoya,Fresh fruits,3.0–6.5,75–95%,0–13°C*,Medium–High,Medium–High,High,Medium,1–12 weeks*,Ventilated food-grade carton/crate with perforated liner,Reduces bruising and water loss while allowing cooling and respiration.,"Harvest at appropriate maturity, remove damaged fruit, pre-cool when appropriate and maintain the commodity-specific cold chain.",
Star fruit,Fresh fruits,3.0–6.5,75–95%,0–13°C*,Medium–High,Medium–High,High,Medium,1–12 weeks*,Ventilated food-grade carton/crate with perforated liner,Reduces bruising and water loss while allowing cooling and respiration.,"Harvest at appropriate maturity, remove damaged fruit, pre-cool when appropriate and maintain the commodity-specific cold chain.",
Tamarind pod,Fresh fruits,3.0–6.5,75–95%,0–13°C*,Medium–High,Medium–High,High,Medium,1–12 weeks*,Ventilated food-grade carton/crate with perforated liner,Reduces bruising and water loss while allowing cooling and respiration.,"Harvest at appropriate maturity, remove damaged fruit, pre-cool when appropriate and maintain the commodity-specific cold chain.",
Bael,Fresh fruits,3.0–6.5,75–95%,0–13°C*,Medium–High,Medium–High,High,Medium,1–12 weeks*,Ventilated food-grade carton/crate with perforated liner,Reduces bruising and water loss while allowing cooling and respiration.,"Harvest at appropriate maturity, remove damaged fruit, pre-cool when appropriate and maintain the commodity-specific cold chain.",
Wood apple,Fresh fruits,3.0–6.5,75–95%,0–13°C*,Medium–High,Medium–High,High,Medium,1–12 weeks*,Ventilated food-grade carton/crate with perforated liner,Reduces bruising and water loss while allowing cooling and respiration.,"Harvest at appropriate maturity, remove damaged fruit, pre-cool when appropriate and maintain the commodity-specific cold chain.",
Rose apple,Fresh fruits,3.0–6.5,75–95%,0–13°C*,Medium–High,Medium–High,High,Medium,1–12 weeks*,Ventilated food-grade carton/crate with perforated liner,Reduces bruising and water loss while allowing cooling and respiration.,"Harvest at appropriate maturity, remove damaged fruit, pre-cool when appropriate and maintain the commodity-specific cold chain.",
Watermelon,Fresh fruits,3.0–6.5,75–95%,0–13°C*,Medium–High,Medium–High,High,Medium,1–12 weeks*,Ventilated food-grade carton/crate with perforated liner,Reduces bruising and water loss while allowing cooling and respiration.,"Harvest at appropriate maturity, remove damaged fruit, pre-cool when appropriate and maintain the commodity-specific cold chain.",
Cantaloupe,Fresh fruits,3.0–6.5,75–95%,0–13°C*,Medium–High,Medium–High,High,Medium,1–12 weeks*,Ventilated food-grade carton/crate with perforated liner,Reduces bruising and water loss while allowing cooling and respiration.,"Harvest at appropriate maturity, remove damaged fruit, pre-cool when appropriate and maintain the commodity-specific cold chain.",
Honeydew melon,Fresh fruits,3.0–6.5,75–95%,0–13°C*,Medium–High,Medium–High,High,Medium,1–12 weeks*,Ventilated food-grade carton/crate with perforated liner,Reduces bruising and water loss while allowing cooling and respiration.,"Harvest at appropriate maturity, remove damaged fruit, pre-cool when appropriate and maintain the commodity-specific cold chain.",
Galia melon,Fresh fruits,3.0–6.5,75–95%,0–13°C*,Medium–High,Medium–High,High,Medium,1–12 weeks*,Ventilated food-grade carton/crate with perforated liner,Reduces bruising and water loss while allowing cooling and respiration.,"Harvest at appropriate maturity, remove damaged fruit, pre-cool when appropriate and maintain the commodity-specific cold chain.",
Canary melon,Fresh fruits,3.0–6.5,75–95%,0–13°C*,Medium–High,Medium–High,High,Medium,1–12 weeks*,Ventilated food-grade carton/crate with perforated liner,Reduces bruising and water loss while allowing cooling and respiration.,"Harvest at appropriate maturity, remove damaged fruit, pre-cool when appropriate and maintain the commodity-specific cold chain.",
Cranberry,Fresh fruits,3.0–6.5,75–95%,0–13°C*,Medium–High,Medium–High,High,Medium,1–12 weeks*,Ventilated food-grade carton/crate with perforated liner,Reduces bruising and water loss while allowing cooling and respiration.,"Harvest at appropriate maturity, remove damaged fruit, pre-cool when appropriate and maintain the commodity-specific cold chain.",
Blueberry,Fresh fruits,3.0–6.5,75–95%,0–13°C*,Medium–High,Medium–High,High,Medium,1–12 weeks*,Ventilated food-grade carton/crate with perforated liner,Reduces bruising and water loss while allowing cooling and respiration.,"Harvest at appropriate maturity, remove damaged fruit, pre-cool when appropriate and maintain the commodity-specific cold chain.",
Raspberry,Fresh fruits,3.0–6.5,75–95%,0–13°C*,Medium–High,Medium–High,High,Medium,1–12 weeks*,Ventilated food-grade carton/crate with perforated liner,Reduces bruising and water loss while allowing cooling and respiration.,"Harvest at appropriate maturity, remove damaged fruit, pre-cool when appropriate and maintain the commodity-specific cold chain.",
Blackberry,Fresh fruits,3.0–6.5,75–95%,0–13°C*,Medium–High,Medium–High,High,Medium,1–12 weeks*,Ventilated food-grade carton/crate with perforated liner,Reduces bruising and water loss while allowing cooling and respiration.,"Harvest at appropriate maturity, remove damaged fruit, pre-cool when appropriate and maintain the commodity-specific cold chain.",
Strawberry,Fresh fruits,3.0–3.9,90–92%,0±0.5°C,Very high,High,Very high,Medium,5–10 days,Ventilated food-grade carton/crate with perforated liner,Reduces bruising and water loss while allowing cooling and respiration.,"Harvest at appropriate maturity, remove damaged fruit, pre-cool when appropriate and maintain the commodity-specific cold chain.",
Gooseberry,Fresh fruits,3.0–6.5,75–95%,0–13°C*,Medium–High,Medium–High,High,Medium,1–12 weeks*,Ventilated food-grade carton/crate with perforated liner,Reduces bruising and water loss while allowing cooling and respiration.,"Harvest at appropriate maturity, remove damaged fruit, pre-cool when appropriate and maintain the commodity-specific cold chain.",
Chickpea,Legumes & pulses,5.5–7.0,8–16%,10–25°C,Low,Medium–High,High,Medium,6–18 months,Hermetic food-grade bag / multilayer liner,Controls moisture and insect/oxygen exposure during dry storage.,"Dry thoroughly before storage, use clean hermetic packaging and protect from insects and condensation.",
Kabuli chickpea,Legumes & pulses,5.5–7.0,8–16%,10–25°C,Low,Medium–High,High,Medium,6–18 months,Hermetic food-grade bag / multilayer liner,Controls moisture and insect/oxygen exposure during dry storage.,"Dry thoroughly before storage, use clean hermetic packaging and protect from insects and condensation.",
Desi chickpea,Legumes & pulses,5.5–7.0,8–16%,10–25°C,Low,Medium–High,High,Medium,6–18 months,Hermetic food-grade bag / multilayer liner,Controls moisture and insect/oxygen exposure during dry storage.,"Dry thoroughly before storage, use clean hermetic packaging and protect from insects and condensation.",
Lentil,Legumes & pulses,5.5–7.0,8–16%,10–25°C,Low,Medium–High,High,Medium,6–18 months,Hermetic food-grade bag / multilayer liner,Controls moisture and insect/oxygen exposure during dry storage.,"Dry thoroughly before storage, use clean hermetic packaging and protect from insects and condensation.",
Red lentil,Legumes & pulses,5.5–7.0,8–16%,10–25°C,Low,Medium–High,High,Medium,6–18 months,Hermetic food-grade bag / multilayer liner,Controls moisture and insect/oxygen exposure during dry storage.,"Dry thoroughly before storage, use clean hermetic packaging and protect from insects and condensation.",
Green lentil,Legumes & pulses,5.5–7.0,8–16%,10–25°C,Low,Medium–High,High,Medium,6–18 months,Hermetic food-grade bag / multilayer liner,Controls moisture and insect/oxygen exposure during dry storage.,"Dry thoroughly before storage, use clean hermetic packaging and protect from insects and condensation.",
Brown lentil,Legumes & pulses,5.5–7.0,8–16%,10–25°C,Low,Medium–High,High,Medium,6–18 months,Hermetic food-grade bag / multilayer liner,Controls moisture and insect/oxygen exposure during dry storage.,"Dry thoroughly before storage, use clean hermetic packaging and protect from insects and condensation.",
Black lentil,Legumes & pulses,5.5–7.0,8–16%,10–25°C,Low,Medium–High,High,Medium,6–18 months,Hermetic food-grade bag / multilayer liner,Controls moisture and insect/oxygen exposure during dry storage.,"Dry thoroughly before storage, use clean hermetic packaging and protect from insects and condensation.",
Yellow lentil,Legumes & pulses,5.5–7.0,8–16%,10–25°C,Low,Medium–High,High,Medium,6–18 months,Hermetic food-grade bag / multilayer liner,Controls moisture and insect/oxygen exposure during dry storage.,"Dry thoroughly before storage, use clean hermetic packaging and protect from insects and condensation.",
Split pea,Legumes & pulses,5.5–7.0,8–16%,10–25°C,Low,Medium–High,High,Medium,6–18 months,Hermetic food-grade bag / multilayer liner,Controls moisture and insect/oxygen exposure during dry storage.,"Dry thoroughly before storage, use clean hermetic packaging and protect from insects and condensation.",
Green split pea,Legumes & pulses,5.5–7.0,8–16%,10–25°C,Low,Medium–High,High,Medium,6–18 months,Hermetic food-grade bag / multilayer liner,Controls moisture and insect/oxygen exposure during dry storage.,"Dry thoroughly before storage, use clean hermetic packaging and protect from insects and condensation.",
Yellow split pea,Legumes & pulses,5.5–7.0,8–16%,10–25°C,Low,Medium–High,High,Medium,6–18 months,Hermetic food-grade bag / multilayer liner,Controls moisture and insect/oxygen exposure during dry storage.,"Dry thoroughly before storage, use clean hermetic packaging and protect from insects and condensation.",
Pigeon pea,Legumes & pulses,5.5–7.0,8–16%,10–25°C,Low,Medium–High,High,Medium,6–18 months,Hermetic food-grade bag / multilayer liner,Controls moisture and insect/oxygen exposure during dry storage.,"Dry thoroughly before storage, use clean hermetic packaging and protect from insects and condensation.",
Toor dal,Legumes & pulses,5.5–7.0,8–16%,10–25°C,Low,Medium–High,High,Medium,6–18 months,Hermetic food-grade bag / multilayer liner,Controls moisture and insect/oxygen exposure during dry storage.,"Dry thoroughly before storage, use clean hermetic packaging and protect from insects and condensation.",
Black gram,Legumes & pulses,5.5–7.0,8–16%,10–25°C,Low,Medium–High,High,Medium,6–18 months,Hermetic food-grade bag / multilayer liner,Controls moisture and insect/oxygen exposure during dry storage.,"Dry thoroughly before storage, use clean hermetic packaging and protect from insects and condensation.",
Urad dal,Legumes & pulses,5.5–7.0,8–16%,10–25°C,Low,Medium–High,High,Medium,6–18 months,Hermetic food-grade bag / multilayer liner,Controls moisture and insect/oxygen exposure during dry storage.,"Dry thoroughly before storage, use clean hermetic packaging and protect from insects and condensation.",
Green gram,Legumes & pulses,5.5–7.0,8–16%,10–25°C,Low,Medium–High,High,Medium,6–18 months,Hermetic food-grade bag / multilayer liner,Controls moisture and insect/oxygen exposure during dry storage.,"Dry thoroughly before storage, use clean hermetic packaging and protect from insects and condensation.",
Mung bean,Legumes & pulses,5.5–7.0,8–16%,10–25°C,Low,Medium–High,High,Medium,6–18 months,Hermetic food-grade bag / multilayer liner,Controls moisture and insect/oxygen exposure during dry storage.,"Dry thoroughly before storage, use clean hermetic packaging and protect from insects and condensation.",
Adzuki bean,Legumes & pulses,5.5–7.0,8–16%,10–25°C,Low,Medium–High,High,Medium,6–18 months,Hermetic food-grade bag / multilayer liner,Controls moisture and insect/oxygen exposure during dry storage.,"Dry thoroughly before storage, use clean hermetic packaging and protect from insects and condensation.",
Kidney bean,Legumes & pulses,5.5–7.0,8–16%,10–25°C,Low,Medium–High,High,Medium,6–18 months,Hermetic food-grade bag / multilayer liner,Controls moisture and insect/oxygen exposure during dry storage.,"Dry thoroughly before storage, use clean hermetic packaging and protect from insects and condensation.",
Red kidney bean,Legumes & pulses,5.5–7.0,8–16%,10–25°C,Low,Medium–High,High,Medium,6–18 months,Hermetic food-grade bag / multilayer liner,Controls moisture and insect/oxygen exposure during dry storage.,"Dry thoroughly before storage, use clean hermetic packaging and protect from insects and condensation.",
Black bean,Legumes & pulses,5.5–7.0,8–16%,10–25°C,Low,Medium–High,High,Medium,6–18 months,Hermetic food-grade bag / multilayer liner,Controls moisture and insect/oxygen exposure during dry storage.,"Dry thoroughly before storage, use clean hermetic packaging and protect from insects and condensation.",
Navy bean,Legumes & pulses,5.5–7.0,8–16%,10–25°C,Low,Medium–High,High,Medium,6–18 months,Hermetic food-grade bag / multilayer liner,Controls moisture and insect/oxygen exposure during dry storage.,"Dry thoroughly before storage, use clean hermetic packaging and protect from insects and condensation.",
Pinto bean,Legumes & pulses,5.5–7.0,8–16%,10–25°C,Low,Medium–High,High,Medium,6–18 months,Hermetic food-grade bag / multilayer liner,Controls moisture and insect/oxygen exposure during dry storage.,"Dry thoroughly before storage, use clean hermetic packaging and protect from insects and condensation.",
Cannellini bean,Legumes & pulses,5.5–7.0,8–16%,10–25°C,Low,Medium–High,High,Medium,6–18 months,Hermetic food-grade bag / multilayer liner,Controls moisture and insect/oxygen exposure during dry storage.,"Dry thoroughly before storage, use clean hermetic packaging and protect from insects and condensation.",
Great Northern bean,Legumes & pulses,5.5–7.0,8–16%,10–25°C,Low,Medium–High,High,Medium,6–18 months,Hermetic food-grade bag / multilayer liner,Controls moisture and insect/oxygen exposure during dry storage.,"Dry thoroughly before storage, use clean hermetic packaging and protect from insects and condensation.",
Lima bean dry,Legumes & pulses,5.5–7.0,8–16%,10–25°C,Low,Medium–High,High,Medium,6–18 months,Hermetic food-grade bag / multilayer liner,Controls moisture and insect/oxygen exposure during dry storage.,"Dry thoroughly before storage, use clean hermetic packaging and protect from insects and condensation.",
Moth bean,Legumes & pulses,5.5–7.0,8–16%,10–25°C,Low,Medium–High,High,Medium,6–18 months,Hermetic food-grade bag / multilayer liner,Controls moisture and insect/oxygen exposure during dry storage.,"Dry thoroughly before storage, use clean hermetic packaging and protect from insects and condensation.",
Horse gram,Legumes & pulses,5.5–7.0,8–16%,10–25°C,Low,Medium–High,High,Medium,6–18 months,Hermetic food-grade bag / multilayer liner,Controls moisture and insect/oxygen exposure during dry storage.,"Dry thoroughly before storage, use clean hermetic packaging and protect from insects and condensation.",
Cowpea,Legumes & pulses,5.5–7.0,8–16%,10–25°C,Low,Medium–High,High,Medium,6–18 months,Hermetic food-grade bag / multilayer liner,Controls moisture and insect/oxygen exposure during dry storage.,"Dry thoroughly before storage, use clean hermetic packaging and protect from insects and condensation.",
Black-eyed pea,Legumes & pulses,5.5–7.0,8–16%,10–25°C,Low,Medium–High,High,Medium,6–18 months,Hermetic food-grade bag / multilayer liner,Controls moisture and insect/oxygen exposure during dry storage.,"Dry thoroughly before storage, use clean hermetic packaging and protect from insects and condensation.",
Bambara groundnut,Legumes & pulses,5.5–7.0,8–16%,10–25°C,Low,Medium–High,High,Medium,6–18 months,Hermetic food-grade bag / multilayer liner,Controls moisture and insect/oxygen exposure during dry storage.,"Dry thoroughly before storage, use clean hermetic packaging and protect from insects and condensation.",
Peanut,Legumes & pulses,6.0–7.0,5–10%,10–20°C,Low,High,High,Medium,3–12 months,Hermetic food-grade bag / multilayer liner,Controls moisture and insect/oxygen exposure during dry storage.,"Dry thoroughly before storage, use clean hermetic packaging and protect from insects and condensation.",
Soybean,Legumes & pulses,6.0–7.0,8–12%,10–20°C,Low,High,High,Medium,6–12 months,Hermetic food-grade bag / multilayer liner,Controls moisture and insect/oxygen exposure during dry storage.,"Dry thoroughly before storage, use clean hermetic packaging and protect from insects and condensation.",
Edamame dry,Legumes & pulses,5.5–7.0,8–16%,10–25°C,Low,Medium–High,High,Medium,6–18 months,Hermetic food-grade bag / multilayer liner,Controls moisture and insect/oxygen exposure during dry storage.,"Dry thoroughly before storage, use clean hermetic packaging and protect from insects and condensation.",
Fava bean dry,Legumes & pulses,5.5–7.0,8–16%,10–25°C,Low,Medium–High,High,Medium,6–18 months,Hermetic food-grade bag / multilayer liner,Controls moisture and insect/oxygen exposure during dry storage.,"Dry thoroughly before storage, use clean hermetic packaging and protect from insects and condensation.",
Broad bean dry,Legumes & pulses,5.5–7.0,8–16%,10–25°C,Low,Medium–High,High,Medium,6–18 months,Hermetic food-grade bag / multilayer liner,Controls moisture and insect/oxygen exposure during dry storage.,"Dry thoroughly before storage, use clean hermetic packaging and protect from insects and condensation.",
Hyacinth bean,Legumes & pulses,5.5–7.0,8–16%,10–25°C,Low,Medium–High,High,Medium,6–18 months,Hermetic food-grade bag / multilayer liner,Controls moisture and insect/oxygen exposure during dry storage.,"Dry thoroughly before storage, use clean hermetic packaging and protect from insects and condensation.",
Jack bean,Legumes & pulses,5.5–7.0,8–16%,10–25°C,Low,Medium–High,High,Medium,6–18 months,Hermetic food-grade bag / multilayer liner,Controls moisture and insect/oxygen exposure during dry storage.,"Dry thoroughly before storage, use clean hermetic packaging and protect from insects and condensation.",
Winged bean seed,Legumes & pulses,5.5–7.0,8–16%,10–25°C,Low,Medium–High,High,Medium,6–18 months,Hermetic food-grade bag / multilayer liner,Controls moisture and insect/oxygen exposure during dry storage.,"Dry thoroughly before storage, use clean hermetic packaging and protect from insects and condensation.",
Velvet bean,Legumes & pulses,5.5–7.0,8–16%,10–25°C,Low,Medium–High,High,Medium,6–18 months,Hermetic food-grade bag / multilayer liner,Controls moisture and insect/oxygen exposure during dry storage.,"Dry thoroughly before storage, use clean hermetic packaging and protect from insects and condensation.",
Lablab bean,Legumes & pulses,5.5–7.0,8–16%,10–25°C,Low,Medium–High,High,Medium,6–18 months,Hermetic food-grade bag / multilayer liner,Controls moisture and insect/oxygen exposure during dry storage.,"Dry thoroughly before storage, use clean hermetic packaging and protect from insects and condensation.",
Tepary bean,Legumes & pulses,5.5–7.0,8–16%,10–25°C,Low,Medium–High,High,Medium,6–18 months,Hermetic food-grade bag / multilayer liner,Controls moisture and insect/oxygen exposure during dry storage.,"Dry thoroughly before storage, use clean hermetic packaging and protect from insects and condensation.",
Cranberry bean,Legumes & pulses,5.5–7.0,8–16%,10–25°C,Low,Medium–High,High,Medium,6–18 months,Hermetic food-grade bag / multilayer liner,Controls moisture and insect/oxygen exposure during dry storage.,"Dry thoroughly before storage, use clean hermetic packaging and protect from insects and condensation.",
Anasazi bean,Legumes & pulses,5.5–7.0,8–16%,10–25°C,Low,Medium–High,High,Medium,6–18 months,Hermetic food-grade bag / multilayer liner,Controls moisture and insect/oxygen exposure during dry storage.,"Dry thoroughly before storage, use clean hermetic packaging and protect from insects and condensation.",
Flageolet bean,Legumes & pulses,5.5–7.0,8–16%,10–25°C,Low,Medium–High,High,Medium,6–18 months,Hermetic food-grade bag / multilayer liner,Controls moisture and insect/oxygen exposure during dry storage.,"Dry thoroughly before storage, use clean hermetic packaging and protect from insects and condensation.",
Navy pea,Legumes & pulses,5.5–7.0,8–16%,10–25°C,Low,Medium–High,High,Medium,6–18 months,Hermetic food-grade bag / multilayer liner,Controls moisture and insect/oxygen exposure during dry storage.,"Dry thoroughly before storage, use clean hermetic packaging and protect from insects and condensation.",
Marrowfat pea,Legumes & pulses,5.5–7.0,8–16%,10–25°C,Low,Medium–High,High,Medium,6–18 months,Hermetic food-grade bag / multilayer liner,Controls moisture and insect/oxygen exposure during dry storage.,"Dry thoroughly before storage, use clean hermetic packaging and protect from insects and condensation.",
Lupin,Legumes & pulses,5.5–7.0,8–16%,10–25°C,Low,Medium–High,High,Medium,6–18 months,Hermetic food-grade bag / multilayer liner,Controls moisture and insect/oxygen exposure during dry storage.,"Dry thoroughly before storage, use clean hermetic packaging and protect from insects and condensation.",
Lupin seed,Legumes & pulses,5.5–7.0,8–16%,10–25°C,Low,Medium–High,High,Medium,6–18 months,Hermetic food-grade bag / multilayer liner,Controls moisture and insect/oxygen exposure during dry storage.,"Dry thoroughly before storage, use clean hermetic packaging and protect from insects and condensation.",
Almond,Nuts & oilseeds,5.0–6.5,4–8%,0–10°C,Low,High,High,High,6–12 months,High-barrier oxygen/moisture laminate or vacuum pack,Slows oxidation/rancidity and moisture uptake.,"Store clean, dry kernels away from heat/light; use low-oxygen packaging for longer storage.",
Cashew,Nuts & oilseeds,5.0–6.5,3–5%,0–10°C,Low,High,High,High,6–12 months,High-barrier oxygen/moisture laminate or vacuum pack,Slows oxidation/rancidity and moisture uptake.,"Store clean, dry kernels away from heat/light; use low-oxygen packaging for longer storage.",
Walnut,Nuts & oilseeds,5.0–6.5,3–7%,-18–0°C for long-term*,Low,Very high,High,High,6–24 months*,High-barrier oxygen/moisture laminate or vacuum pack,Slows oxidation/rancidity and moisture uptake.,"Store clean, dry kernels away from heat/light; use low-oxygen packaging for longer storage.",
Pecan,Nuts & oilseeds,5.0–7.0,3–12%,0–15°C,Low,High,Medium–High,High,3–12 months,High-barrier oxygen/moisture laminate or vacuum pack,Slows oxidation/rancidity and moisture uptake.,"Store clean, dry kernels away from heat/light; use low-oxygen packaging for longer storage.",
Pistachio,Nuts & oilseeds,5.0–7.0,3–12%,0–15°C,Low,High,Medium–High,High,3–12 months,High-barrier oxygen/moisture laminate or vacuum pack,Slows oxidation/rancidity and moisture uptake.,"Store clean, dry kernels away from heat/light; use low-oxygen packaging for longer storage.",
Hazelnut,Nuts & oilseeds,5.0–7.0,3–12%,0–15°C,Low,High,Medium–High,High,3–12 months,High-barrier oxygen/moisture laminate or vacuum pack,Slows oxidation/rancidity and moisture uptake.,"Store clean, dry kernels away from heat/light; use low-oxygen packaging for longer storage.",
Macadamia,Nuts & oilseeds,5.0–7.0,3–12%,0–15°C,Low,High,Medium–High,High,3–12 months,High-barrier oxygen/moisture laminate or vacuum pack,Slows oxidation/rancidity and moisture uptake.,"Store clean, dry kernels away from heat/light; use low-oxygen packaging for longer storage.",
Brazil nut,Nuts & oilseeds,5.0–7.0,3–12%,0–15°C,Low,High,Medium–High,High,3–12 months,High-barrier oxygen/moisture laminate or vacuum pack,Slows oxidation/rancidity and moisture uptake.,"Store clean, dry kernels away from heat/light; use low-oxygen packaging for longer storage.",
Pine nut,Nuts & oilseeds,5.0–7.0,3–12%,0–15°C,Low,High,Medium–High,High,3–12 months,High-barrier oxygen/moisture laminate or vacuum pack,Slows oxidation/rancidity and moisture uptake.,"Store clean, dry kernels away from heat/light; use low-oxygen packaging for longer storage.",
Chestnut,Nuts & oilseeds,5.0–7.0,3–12%,0–15°C,Low,High,Medium–High,High,3–12 months,High-barrier oxygen/moisture laminate or vacuum pack,Slows oxidation/rancidity and moisture uptake.,"Store clean, dry kernels away from heat/light; use low-oxygen packaging for longer storage.",
Peanut kernels,Nuts & oilseeds,5.0–7.0,3–12%,0–15°C,Low,High,Medium–High,High,3–12 months,High-barrier oxygen/moisture laminate or vacuum pack,Slows oxidation/rancidity and moisture uptake.,"Store clean, dry kernels away from heat/light; use low-oxygen packaging for longer storage.",
Peanut butter,Nuts & oilseeds,5.0–7.0,3–12%,0–15°C,Low,High,Medium–High,High,3–12 months,High-barrier oxygen/moisture laminate or vacuum pack,Slows oxidation/rancidity and moisture uptake.,"Store clean, dry kernels away from heat/light; use low-oxygen packaging for longer storage.",
Sesame seed,Nuts & oilseeds,5.0–7.0,3–12%,0–15°C,Low,High,Medium–High,High,3–12 months,High-barrier oxygen/moisture laminate or vacuum pack,Slows oxidation/rancidity and moisture uptake.,"Store clean, dry kernels away from heat/light; use low-oxygen packaging for longer storage.",
White sesame,Nuts & oilseeds,5.0–7.0,3–12%,0–15°C,Low,High,Medium–High,High,3–12 months,High-barrier oxygen/moisture laminate or vacuum pack,Slows oxidation/rancidity and moisture uptake.,"Store clean, dry kernels away from heat/light; use low-oxygen packaging for longer storage.",
Black sesame,Nuts & oilseeds,5.0–7.0,3–12%,0–15°C,Low,High,Medium–High,High,3–12 months,High-barrier oxygen/moisture laminate or vacuum pack,Slows oxidation/rancidity and moisture uptake.,"Store clean, dry kernels away from heat/light; use low-oxygen packaging for longer storage.",
Sunflower seed,Nuts & oilseeds,5.0–7.0,3–12%,0–15°C,Low,High,Medium–High,High,3–12 months,High-barrier oxygen/moisture laminate or vacuum pack,Slows oxidation/rancidity and moisture uptake.,"Store clean, dry kernels away from heat/light; use low-oxygen packaging for longer storage.",
Pumpkin seed,Nuts & oilseeds,5.0–7.0,3–12%,0–15°C,Low,High,Medium–High,High,3–12 months,High-barrier oxygen/moisture laminate or vacuum pack,Slows oxidation/rancidity and moisture uptake.,"Store clean, dry kernels away from heat/light; use low-oxygen packaging for longer storage.",
Flaxseed,Nuts & oilseeds,5.0–7.0,3–12%,0–15°C,Low,High,Medium–High,High,3–12 months,High-barrier oxygen/moisture laminate or vacuum pack,Slows oxidation/rancidity and moisture uptake.,"Store clean, dry kernels away from heat/light; use low-oxygen packaging for longer storage.",
Chia seed,Nuts & oilseeds,5.0–7.0,3–12%,0–15°C,Low,High,Medium–High,High,3–12 months,High-barrier oxygen/moisture laminate or vacuum pack,Slows oxidation/rancidity and moisture uptake.,"Store clean, dry kernels away from heat/light; use low-oxygen packaging for longer storage.",
Hemp seed,Nuts & oilseeds,5.0–7.0,3–12%,0–15°C,Low,High,Medium–High,High,3–12 months,High-barrier oxygen/moisture laminate or vacuum pack,Slows oxidation/rancidity and moisture uptake.,"Store clean, dry kernels away from heat/light; use low-oxygen packaging for longer storage.",
Mustard seed,Nuts & oilseeds,5.0–7.0,3–12%,0–15°C,Low,High,Medium–High,High,3–12 months,High-barrier oxygen/moisture laminate or vacuum pack,Slows oxidation/rancidity and moisture uptake.,"Store clean, dry kernels away from heat/light; use low-oxygen packaging for longer storage.",
Canola seed,Nuts & oilseeds,5.0–7.0,3–12%,0–15°C,Low,High,Medium–High,High,3–12 months,High-barrier oxygen/moisture laminate or vacuum pack,Slows oxidation/rancidity and moisture uptake.,"Store clean, dry kernels away from heat/light; use low-oxygen packaging for longer storage.",
Rapeseed,Nuts & oilseeds,5.0–7.0,3–12%,0–15°C,Low,High,Medium–High,High,3–12 months,High-barrier oxygen/moisture laminate or vacuum pack,Slows oxidation/rancidity and moisture uptake.,"Store clean, dry kernels away from heat/light; use low-oxygen packaging for longer storage.",
Cottonseed,Nuts & oilseeds,5.0–7.0,3–12%,0–15°C,Low,High,Medium–High,High,3–12 months,High-barrier oxygen/moisture laminate or vacuum pack,Slows oxidation/rancidity and moisture uptake.,"Store clean, dry kernels away from heat/light; use low-oxygen packaging for longer storage.",
Safflower seed,Nuts & oilseeds,5.0–7.0,3–12%,0–15°C,Low,High,Medium–High,High,3–12 months,High-barrier oxygen/moisture laminate or vacuum pack,Slows oxidation/rancidity and moisture uptake.,"Store clean, dry kernels away from heat/light; use low-oxygen packaging for longer storage.",
Soybean seed,Nuts & oilseeds,5.0–7.0,3–12%,0–15°C,Low,High,Medium–High,High,3–12 months,High-barrier oxygen/moisture laminate or vacuum pack,Slows oxidation/rancidity and moisture uptake.,"Store clean, dry kernels away from heat/light; use low-oxygen packaging for longer storage.",
Palm kernel,Nuts & oilseeds,5.0–7.0,3–12%,0–15°C,Low,High,Medium–High,High,3–12 months,High-barrier oxygen/moisture laminate or vacuum pack,Slows oxidation/rancidity and moisture uptake.,"Store clean, dry kernels away from heat/light; use low-oxygen packaging for longer storage.",
Coconut,Nuts & oilseeds,5.0–7.0,3–12%,0–15°C,Low,High,Medium–High,High,3–12 months,High-barrier oxygen/moisture laminate or vacuum pack,Slows oxidation/rancidity and moisture uptake.,"Store clean, dry kernels away from heat/light; use low-oxygen packaging for longer storage.",
Coconut meat,Nuts & oilseeds,5.0–7.0,3–12%,0–15°C,Low,High,Medium–High,High,3–12 months,High-barrier oxygen/moisture laminate or vacuum pack,Slows oxidation/rancidity and moisture uptake.,"Store clean, dry kernels away from heat/light; use low-oxygen packaging for longer storage.",
Coconut flakes,Nuts & oilseeds,5.0–7.0,3–12%,0–15°C,Low,High,Medium–High,High,3–12 months,High-barrier oxygen/moisture laminate or vacuum pack,Slows oxidation/rancidity and moisture uptake.,"Store clean, dry kernels away from heat/light; use low-oxygen packaging for longer storage.",
Coconut desiccated,Nuts & oilseeds,5.0–7.0,3–12%,0–15°C,Low,High,Medium–High,High,3–12 months,High-barrier oxygen/moisture laminate or vacuum pack,Slows oxidation/rancidity and moisture uptake.,"Store clean, dry kernels away from heat/light; use low-oxygen packaging for longer storage.",
Tiger nut,Nuts & oilseeds,5.0–7.0,3–12%,0–15°C,Low,High,Medium–High,High,3–12 months,High-barrier oxygen/moisture laminate or vacuum pack,Slows oxidation/rancidity and moisture uptake.,"Store clean, dry kernels away from heat/light; use low-oxygen packaging for longer storage.",
Lotus seed,Nuts & oilseeds,5.0–7.0,3–12%,0–15°C,Low,High,Medium–High,High,3–12 months,High-barrier oxygen/moisture laminate or vacuum pack,Slows oxidation/rancidity and moisture uptake.,"Store clean, dry kernels away from heat/light; use low-oxygen packaging for longer storage.",
Watermelon seed,Nuts & oilseeds,5.0–7.0,3–12%,0–15°C,Low,High,Medium–High,High,3–12 months,High-barrier oxygen/moisture laminate or vacuum pack,Slows oxidation/rancidity and moisture uptake.,"Store clean, dry kernels away from heat/light; use low-oxygen packaging for longer storage.",
Melon seed,Nuts & oilseeds,5.0–7.0,3–12%,0–15°C,Low,High,Medium–High,High,3–12 months,High-barrier oxygen/moisture laminate or vacuum pack,Slows oxidation/rancidity and moisture uptake.,"Store clean, dry kernels away from heat/light; use low-oxygen packaging for longer storage.",
Apricot kernel,Nuts & oilseeds,5.0–7.0,3–12%,0–15°C,Low,High,Medium–High,High,3–12 months,High-barrier oxygen/moisture laminate or vacuum pack,Slows oxidation/rancidity and moisture uptake.,"Store clean, dry kernels away from heat/light; use low-oxygen packaging for longer storage.",
Bitter almond,Nuts & oilseeds,5.0–7.0,3–12%,0–15°C,Low,High,Medium–High,High,3–12 months,High-barrier oxygen/moisture laminate or vacuum pack,Slows oxidation/rancidity and moisture uptake.,"Store clean, dry kernels away from heat/light; use low-oxygen packaging for longer storage.",
Poppy seed,Nuts & oilseeds,5.0–7.0,3–12%,0–15°C,Low,High,Medium–High,High,3–12 months,High-barrier oxygen/moisture laminate or vacuum pack,Slows oxidation/rancidity and moisture uptake.,"Store clean, dry kernels away from heat/light; use low-oxygen packaging for longer storage.",
Nigella seed,Nuts & oilseeds,5.0–7.0,3–12%,0–15°C,Low,High,Medium–High,High,3–12 months,High-barrier oxygen/moisture laminate or vacuum pack,Slows oxidation/rancidity and moisture uptake.,"Store clean, dry kernels away from heat/light; use low-oxygen packaging for longer storage.",
Perilla seed,Nuts & oilseeds,5.0–7.0,3–12%,0–15°C,Low,High,Medium–High,High,3–12 months,High-barrier oxygen/moisture laminate or vacuum pack,Slows oxidation/rancidity and moisture uptake.,"Store clean, dry kernels away from heat/light; use low-oxygen packaging for longer storage.",
Black pepper,Spices & culinary herbs,4.5–7.0,5–12%,15–25°C,N/A (dried),Medium–High,High,High,6–24 months,"High-barrier sealed pouch resistant to moisture, oxygen and light","Protects aroma, volatile oils, color and quality from humidity, oxygen and light.","Dry completely, prevent moisture pickup and store sealed away from direct sunlight.",
White pepper,Spices & culinary herbs,4.5–7.0,5–12%,15–25°C,N/A (dried),Medium–High,High,High,6–24 months,"High-barrier sealed pouch resistant to moisture, oxygen and light","Protects aroma, volatile oils, color and quality from humidity, oxygen and light.","Dry completely, prevent moisture pickup and store sealed away from direct sunlight.",
Green peppercorn,Spices & culinary herbs,4.5–7.0,5–12%,15–25°C,N/A (dried),Medium–High,High,High,6–24 months,"High-barrier sealed pouch resistant to moisture, oxygen and light","Protects aroma, volatile oils, color and quality from humidity, oxygen and light.","Dry completely, prevent moisture pickup and store sealed away from direct sunlight.",
Long pepper,Spices & culinary herbs,4.5–7.0,5–12%,15–25°C,N/A (dried),Medium–High,High,High,6–24 months,"High-barrier sealed pouch resistant to moisture, oxygen and light","Protects aroma, volatile oils, color and quality from humidity, oxygen and light.","Dry completely, prevent moisture pickup and store sealed away from direct sunlight.",
Chili pepper dried,Spices & culinary herbs,4.5–7.0,5–12%,15–25°C,N/A (dried),Medium–High,High,High,6–24 months,"High-barrier sealed pouch resistant to moisture, oxygen and light","Protects aroma, volatile oils, color and quality from humidity, oxygen and light.","Dry completely, prevent moisture pickup and store sealed away from direct sunlight.",
Paprika,Spices & culinary herbs,4.5–7.0,5–12%,15–25°C,N/A (dried),Medium–High,High,High,6–24 months,"High-barrier sealed pouch resistant to moisture, oxygen and light","Protects aroma, volatile oils, color and quality from humidity, oxygen and light.","Dry completely, prevent moisture pickup and store sealed away from direct sunlight.",
Cayenne pepper,Spices & culinary herbs,4.5–7.0,5–12%,15–25°C,N/A (dried),Medium–High,High,High,6–24 months,"High-barrier sealed pouch resistant to moisture, oxygen and light","Protects aroma, volatile oils, color and quality from humidity, oxygen and light.","Dry completely, prevent moisture pickup and store sealed away from direct sunlight.",
Cumin,Spices & culinary herbs,4.5–7.0,5–12%,15–25°C,N/A (dried),Medium–High,High,High,6–24 months,"High-barrier sealed pouch resistant to moisture, oxygen and light","Protects aroma, volatile oils, color and quality from humidity, oxygen and light.","Dry completely, prevent moisture pickup and store sealed away from direct sunlight.",
Coriander seed,Spices & culinary herbs,4.5–7.0,5–12%,15–25°C,N/A (dried),Medium–High,High,High,6–24 months,"High-barrier sealed pouch resistant to moisture, oxygen and light","Protects aroma, volatile oils, color and quality from humidity, oxygen and light.","Dry completely, prevent moisture pickup and store sealed away from direct sunlight.",
Fennel seed,Spices & culinary herbs,4.5–7.0,5–12%,15–25°C,N/A (dried),Medium–High,High,High,6–24 months,"High-barrier sealed pouch resistant to moisture, oxygen and light","Protects aroma, volatile oils, color and quality from humidity, oxygen and light.","Dry completely, prevent moisture pickup and store sealed away from direct sunlight.",
Fenugreek seed,Spices & culinary herbs,4.5–7.0,5–12%,15–25°C,N/A (dried),Medium–High,High,High,6–24 months,"High-barrier sealed pouch resistant to moisture, oxygen and light","Protects aroma, volatile oils, color and quality from humidity, oxygen and light.","Dry completely, prevent moisture pickup and store sealed away from direct sunlight.",
Cardamom,Spices & culinary herbs,4.5–7.0,5–12%,15–25°C,N/A (dried),Medium–High,High,High,6–24 months,"High-barrier sealed pouch resistant to moisture, oxygen and light","Protects aroma, volatile oils, color and quality from humidity, oxygen and light.","Dry completely, prevent moisture pickup and store sealed away from direct sunlight.",
Green cardamom,Spices & culinary herbs,4.5–7.0,5–12%,15–25°C,N/A (dried),Medium–High,High,High,6–24 months,"High-barrier sealed pouch resistant to moisture, oxygen and light","Protects aroma, volatile oils, color and quality from humidity, oxygen and light.","Dry completely, prevent moisture pickup and store sealed away from direct sunlight.",
Black cardamom,Spices & culinary herbs,4.5–7.0,5–12%,15–25°C,N/A (dried),Medium–High,High,High,6–24 months,"High-barrier sealed pouch resistant to moisture, oxygen and light","Protects aroma, volatile oils, color and quality from humidity, oxygen and light.","Dry completely, prevent moisture pickup and store sealed away from direct sunlight.",
Clove,Spices & culinary herbs,4.5–7.0,5–12%,15–25°C,N/A (dried),Medium–High,High,High,6–24 months,"High-barrier sealed pouch resistant to moisture, oxygen and light","Protects aroma, volatile oils, color and quality from humidity, oxygen and light.","Dry completely, prevent moisture pickup and store sealed away from direct sunlight.",
Cinnamon,Spices & culinary herbs,4.5–7.0,5–12%,15–25°C,N/A (dried),Medium–High,High,High,6–24 months,"High-barrier sealed pouch resistant to moisture, oxygen and light","Protects aroma, volatile oils, color and quality from humidity, oxygen and light.","Dry completely, prevent moisture pickup and store sealed away from direct sunlight.",
Cassia,Spices & culinary herbs,4.5–7.0,5–12%,15–25°C,N/A (dried),Medium–High,High,High,6–24 months,"High-barrier sealed pouch resistant to moisture, oxygen and light","Protects aroma, volatile oils, color and quality from humidity, oxygen and light.","Dry completely, prevent moisture pickup and store sealed away from direct sunlight.",
Nutmeg,Spices & culinary herbs,4.5–7.0,5–12%,15–25°C,N/A (dried),Medium–High,High,High,6–24 months,"High-barrier sealed pouch resistant to moisture, oxygen and light","Protects aroma, volatile oils, color and quality from humidity, oxygen and light.","Dry completely, prevent moisture pickup and store sealed away from direct sunlight.",
Mace,Spices & culinary herbs,4.5–7.0,5–12%,15–25°C,N/A (dried),Medium–High,High,High,6–24 months,"High-barrier sealed pouch resistant to moisture, oxygen and light","Protects aroma, volatile oils, color and quality from humidity, oxygen and light.","Dry completely, prevent moisture pickup and store sealed away from direct sunlight.",
Star anise,Spices & culinary herbs,4.5–7.0,5–12%,15–25°C,N/A (dried),Medium–High,High,High,6–24 months,"High-barrier sealed pouch resistant to moisture, oxygen and light","Protects aroma, volatile oils, color and quality from humidity, oxygen and light.","Dry completely, prevent moisture pickup and store sealed away from direct sunlight.",
Anise seed,Spices & culinary herbs,4.5–7.0,5–12%,15–25°C,N/A (dried),Medium–High,High,High,6–24 months,"High-barrier sealed pouch resistant to moisture, oxygen and light","Protects aroma, volatile oils, color and quality from humidity, oxygen and light.","Dry completely, prevent moisture pickup and store sealed away from direct sunlight.",
Caraway,Spices & culinary herbs,4.5–7.0,5–12%,15–25°C,N/A (dried),Medium–High,High,High,6–24 months,"High-barrier sealed pouch resistant to moisture, oxygen and light","Protects aroma, volatile oils, color and quality from humidity, oxygen and light.","Dry completely, prevent moisture pickup and store sealed away from direct sunlight.",
Ajwain,Spices & culinary herbs,4.5–7.0,5–12%,15–25°C,N/A (dried),Medium–High,High,High,6–24 months,"High-barrier sealed pouch resistant to moisture, oxygen and light","Protects aroma, volatile oils, color and quality from humidity, oxygen and light.","Dry completely, prevent moisture pickup and store sealed away from direct sunlight.",
Celery seed,Spices & culinary herbs,4.5–7.0,5–12%,15–25°C,N/A (dried),Medium–High,High,High,6–24 months,"High-barrier sealed pouch resistant to moisture, oxygen and light","Protects aroma, volatile oils, color and quality from humidity, oxygen and light.","Dry completely, prevent moisture pickup and store sealed away from direct sunlight.",
Dill seed,Spices & culinary herbs,4.5–7.0,5–12%,15–25°C,N/A (dried),Medium–High,High,High,6–24 months,"High-barrier sealed pouch resistant to moisture, oxygen and light","Protects aroma, volatile oils, color and quality from humidity, oxygen and light.","Dry completely, prevent moisture pickup and store sealed away from direct sunlight.",
Mustard seed spice,Spices & culinary herbs,4.5–7.0,5–12%,15–25°C,N/A (dried),Medium–High,High,High,6–24 months,"High-barrier sealed pouch resistant to moisture, oxygen and light","Protects aroma, volatile oils, color and quality from humidity, oxygen and light.","Dry completely, prevent moisture pickup and store sealed away from direct sunlight.",
Saffron,Spices & culinary herbs,4.5–7.0,5–12%,15–25°C,N/A (dried),Medium–High,High,High,6–24 months,"High-barrier sealed pouch resistant to moisture, oxygen and light","Protects aroma, volatile oils, color and quality from humidity, oxygen and light.","Dry completely, prevent moisture pickup and store sealed away from direct sunlight.",
Turmeric dried,Spices & culinary herbs,4.5–7.0,5–12%,15–25°C,N/A (dried),Medium–High,High,High,6–24 months,"High-barrier sealed pouch resistant to moisture, oxygen and light","Protects aroma, volatile oils, color and quality from humidity, oxygen and light.","Dry completely, prevent moisture pickup and store sealed away from direct sunlight.",
Ginger dried,Spices & culinary herbs,4.5–7.0,5–12%,15–25°C,N/A (dried),Medium–High,High,High,6–24 months,"High-barrier sealed pouch resistant to moisture, oxygen and light","Protects aroma, volatile oils, color and quality from humidity, oxygen and light.","Dry completely, prevent moisture pickup and store sealed away from direct sunlight.",
Garlic dried,Spices & culinary herbs,4.5–7.0,5–12%,15–25°C,N/A (dried),Medium–High,High,High,6–24 months,"High-barrier sealed pouch resistant to moisture, oxygen and light","Protects aroma, volatile oils, color and quality from humidity, oxygen and light.","Dry completely, prevent moisture pickup and store sealed away from direct sunlight.",
Onion dried,Spices & culinary herbs,4.5–7.0,5–12%,15–25°C,N/A (dried),Medium–High,High,High,6–24 months,"High-barrier sealed pouch resistant to moisture, oxygen and light","Protects aroma, volatile oils, color and quality from humidity, oxygen and light.","Dry completely, prevent moisture pickup and store sealed away from direct sunlight.",
Bay leaf,Spices & culinary herbs,4.5–7.0,5–12%,15–25°C,N/A (dried),Medium–High,High,High,6–24 months,"High-barrier sealed pouch resistant to moisture, oxygen and light","Protects aroma, volatile oils, color and quality from humidity, oxygen and light.","Dry completely, prevent moisture pickup and store sealed away from direct sunlight.",
Oregano dried,Spices & culinary herbs,4.5–7.0,5–12%,15–25°C,N/A (dried),Medium–High,High,High,6–24 months,"High-barrier sealed pouch resistant to moisture, oxygen and light","Protects aroma, volatile oils, color and quality from humidity, oxygen and light.","Dry completely, prevent moisture pickup and store sealed away from direct sunlight.",
Thyme dried,Spices & culinary herbs,4.5–7.0,5–12%,15–25°C,N/A (dried),Medium–High,High,High,6–24 months,"High-barrier sealed pouch resistant to moisture, oxygen and light","Protects aroma, volatile oils, color and quality from humidity, oxygen and light.","Dry completely, prevent moisture pickup and store sealed away from direct sunlight.",
Rosemary dried,Spices & culinary herbs,4.5–7.0,5–12%,15–25°C,N/A (dried),Medium–High,High,High,6–24 months,"High-barrier sealed pouch resistant to moisture, oxygen and light","Protects aroma, volatile oils, color and quality from humidity, oxygen and light.","Dry completely, prevent moisture pickup and store sealed away from direct sunlight.",
Sage dried,Spices & culinary herbs,4.5–7.0,5–12%,15–25°C,N/A (dried),Medium–High,High,High,6–24 months,"High-barrier sealed pouch resistant to moisture, oxygen and light","Protects aroma, volatile oils, color and quality from humidity, oxygen and light.","Dry completely, prevent moisture pickup and store sealed away from direct sunlight.",
Basil dried,Spices & culinary herbs,4.5–7.0,5–12%,15–25°C,N/A (dried),Medium–High,High,High,6–24 months,"High-barrier sealed pouch resistant to moisture, oxygen and light","Protects aroma, volatile oils, color and quality from humidity, oxygen and light.","Dry completely, prevent moisture pickup and store sealed away from direct sunlight.",
Mint dried,Spices & culinary herbs,4.5–7.0,5–12%,15–25°C,N/A (dried),Medium–High,High,High,6–24 months,"High-barrier sealed pouch resistant to moisture, oxygen and light","Protects aroma, volatile oils, color and quality from humidity, oxygen and light.","Dry completely, prevent moisture pickup and store sealed away from direct sunlight.",
Parsley dried,Spices & culinary herbs,4.5–7.0,5–12%,15–25°C,N/A (dried),Medium–High,High,High,6–24 months,"High-barrier sealed pouch resistant to moisture, oxygen and light","Protects aroma, volatile oils, color and quality from humidity, oxygen and light.","Dry completely, prevent moisture pickup and store sealed away from direct sunlight.",
Curry leaves dried,Spices & culinary herbs,4.5–7.0,5–12%,15–25°C,N/A (dried),Medium–High,High,High,6–24 months,"High-barrier sealed pouch resistant to moisture, oxygen and light","Protects aroma, volatile oils, color and quality from humidity, oxygen and light.","Dry completely, prevent moisture pickup and store sealed away from direct sunlight.",
Tarragon dried,Spices & culinary herbs,4.5–7.0,5–12%,15–25°C,N/A (dried),Medium–High,High,High,6–24 months,"High-barrier sealed pouch resistant to moisture, oxygen and light","Protects aroma, volatile oils, color and quality from humidity, oxygen and light.","Dry completely, prevent moisture pickup and store sealed away from direct sunlight.",
Marjoram dried,Spices & culinary herbs,4.5–7.0,5–12%,15–25°C,N/A (dried),Medium–High,High,High,6–24 months,"High-barrier sealed pouch resistant to moisture, oxygen and light","Protects aroma, volatile oils, color and quality from humidity, oxygen and light.","Dry completely, prevent moisture pickup and store sealed away from direct sunlight.",
Lemongrass dried,Spices & culinary herbs,4.5–7.0,5–12%,15–25°C,N/A (dried),Medium–High,High,High,6–24 months,"High-barrier sealed pouch resistant to moisture, oxygen and light","Protects aroma, volatile oils, color and quality from humidity, oxygen and light.","Dry completely, prevent moisture pickup and store sealed away from direct sunlight.",
Galangal dried,Spices & culinary herbs,4.5–7.0,5–12%,15–25°C,N/A (dried),Medium–High,High,High,6–24 months,"High-barrier sealed pouch resistant to moisture, oxygen and light","Protects aroma, volatile oils, color and quality from humidity, oxygen and light.","Dry completely, prevent moisture pickup and store sealed away from direct sunlight.",
Kaffir lime leaf dried,Spices & culinary herbs,4.5–7.0,5–12%,15–25°C,N/A (dried),Medium–High,High,High,6–24 months,"High-barrier sealed pouch resistant to moisture, oxygen and light","Protects aroma, volatile oils, color and quality from humidity, oxygen and light.","Dry completely, prevent moisture pickup and store sealed away from direct sunlight.",
Asafoetida,Spices & culinary herbs,4.5–7.0,5–12%,15–25°C,N/A (dried),Medium–High,High,High,6–24 months,"High-barrier sealed pouch resistant to moisture, oxygen and light","Protects aroma, volatile oils, color and quality from humidity, oxygen and light.","Dry completely, prevent moisture pickup and store sealed away from direct sunlight.",
Sumac,Spices & culinary herbs,4.5–7.0,5–12%,15–25°C,N/A (dried),Medium–High,High,High,6–24 months,"High-barrier sealed pouch resistant to moisture, oxygen and light","Protects aroma, volatile oils, color and quality from humidity, oxygen and light.","Dry completely, prevent moisture pickup and store sealed away from direct sunlight.",
Vanilla bean,Spices & culinary herbs,4.5–7.0,5–12%,15–25°C,N/A (dried),Medium–High,High,High,6–24 months,"High-barrier sealed pouch resistant to moisture, oxygen and light","Protects aroma, volatile oils, color and quality from humidity, oxygen and light.","Dry completely, prevent moisture pickup and store sealed away from direct sunlight.",
Vanilla powder,Spices & culinary herbs,4.5–7.0,5–12%,15–25°C,N/A (dried),Medium–High,High,High,6–24 months,"High-barrier sealed pouch resistant to moisture, oxygen and light","Protects aroma, volatile oils, color and quality from humidity, oxygen and light.","Dry completely, prevent moisture pickup and store sealed away from direct sunlight.",
Dried red chili flakes,Spices & culinary herbs,4.5–7.0,5–12%,15–25°C,N/A (dried),Medium–High,High,High,6–24 months,"High-barrier sealed pouch resistant to moisture, oxygen and light","Protects aroma, volatile oils, color and quality from humidity, oxygen and light.","Dry completely, prevent moisture pickup and store sealed away from direct sunlight.",
Beef,Meat & poultry,5.4–5.8,60–72%,0–4°C,N/A,High,High,Medium,3–10 days,Food-grade tray + high-barrier film / vacuum pack,"Limits oxygen, contamination, purge and dehydration while maintaining cold-chain conditions.","Chill rapidly after slaughter, maintain 0–4°C, prevent cross-contamination and use clean food-grade packs.",
Buffalo meat,Meat & poultry,5.4–6.5,60–75%,0–4°C,N/A (animal tissue),High,High,Medium,2–14 days fresh*,Food-grade tray + high-barrier film / vacuum pack,"Limits oxygen, contamination, purge and dehydration while maintaining cold-chain conditions.","Chill rapidly after slaughter, maintain 0–4°C, prevent cross-contamination and use clean food-grade packs.",
Veal,Meat & poultry,5.4–6.5,60–75%,0–4°C,N/A (animal tissue),High,High,Medium,2–14 days fresh*,Food-grade tray + high-barrier film / vacuum pack,"Limits oxygen, contamination, purge and dehydration while maintaining cold-chain conditions.","Chill rapidly after slaughter, maintain 0–4°C, prevent cross-contamination and use clean food-grade packs.",
Lamb,Meat & poultry,5.4–6.5,60–75%,0–4°C,N/A (animal tissue),High,High,Medium,2–14 days fresh*,Food-grade tray + high-barrier film / vacuum pack,"Limits oxygen, contamination, purge and dehydration while maintaining cold-chain conditions.","Chill rapidly after slaughter, maintain 0–4°C, prevent cross-contamination and use clean food-grade packs.",
Mutton,Meat & poultry,5.4–6.5,60–75%,0–4°C,N/A (animal tissue),High,High,Medium,2–14 days fresh*,Food-grade tray + high-barrier film / vacuum pack,"Limits oxygen, contamination, purge and dehydration while maintaining cold-chain conditions.","Chill rapidly after slaughter, maintain 0–4°C, prevent cross-contamination and use clean food-grade packs.",
Goat meat,Meat & poultry,5.4–6.5,60–75%,0–4°C,N/A (animal tissue),High,High,Medium,2–14 days fresh*,Food-grade tray + high-barrier film / vacuum pack,"Limits oxygen, contamination, purge and dehydration while maintaining cold-chain conditions.","Chill rapidly after slaughter, maintain 0–4°C, prevent cross-contamination and use clean food-grade packs.",
Pork,Meat & poultry,5.4–6.5,60–75%,0–4°C,N/A (animal tissue),High,High,Medium,2–14 days fresh*,Food-grade tray + high-barrier film / vacuum pack,"Limits oxygen, contamination, purge and dehydration while maintaining cold-chain conditions.","Chill rapidly after slaughter, maintain 0–4°C, prevent cross-contamination and use clean food-grade packs.",
Venison,Meat & poultry,5.4–6.5,60–75%,0–4°C,N/A (animal tissue),High,High,Medium,2–14 days fresh*,Food-grade tray + high-barrier film / vacuum pack,"Limits oxygen, contamination, purge and dehydration while maintaining cold-chain conditions.","Chill rapidly after slaughter, maintain 0–4°C, prevent cross-contamination and use clean food-grade packs.",
Rabbit meat,Meat & poultry,5.4–6.5,60–75%,0–4°C,N/A (animal tissue),High,High,Medium,2–14 days fresh*,Food-grade tray + high-barrier film / vacuum pack,"Limits oxygen, contamination, purge and dehydration while maintaining cold-chain conditions.","Chill rapidly after slaughter, maintain 0–4°C, prevent cross-contamination and use clean food-grade packs.",
Chicken,Meat & poultry,5.8–6.5,65–75%,0–4°C,N/A,High,High,Medium,2–7 days,Food-grade tray + high-barrier film / vacuum pack,"Limits oxygen, contamination, purge and dehydration while maintaining cold-chain conditions.","Chill rapidly after slaughter, maintain 0–4°C, prevent cross-contamination and use clean food-grade packs.",
Turkey,Meat & poultry,5.4–6.5,60–75%,0–4°C,N/A (animal tissue),High,High,Medium,2–14 days fresh*,Food-grade tray + high-barrier film / vacuum pack,"Limits oxygen, contamination, purge and dehydration while maintaining cold-chain conditions.","Chill rapidly after slaughter, maintain 0–4°C, prevent cross-contamination and use clean food-grade packs.",
Duck,Meat & poultry,5.4–6.5,60–75%,0–4°C,N/A (animal tissue),High,High,Medium,2–14 days fresh*,Food-grade tray + high-barrier film / vacuum pack,"Limits oxygen, contamination, purge and dehydration while maintaining cold-chain conditions.","Chill rapidly after slaughter, maintain 0–4°C, prevent cross-contamination and use clean food-grade packs.",
Goose,Meat & poultry,5.4–6.5,60–75%,0–4°C,N/A (animal tissue),High,High,Medium,2–14 days fresh*,Food-grade tray + high-barrier film / vacuum pack,"Limits oxygen, contamination, purge and dehydration while maintaining cold-chain conditions.","Chill rapidly after slaughter, maintain 0–4°C, prevent cross-contamination and use clean food-grade packs.",
Quail,Meat & poultry,5.4–6.5,60–75%,0–4°C,N/A (animal tissue),High,High,Medium,2–14 days fresh*,Food-grade tray + high-barrier film / vacuum pack,"Limits oxygen, contamination, purge and dehydration while maintaining cold-chain conditions.","Chill rapidly after slaughter, maintain 0–4°C, prevent cross-contamination and use clean food-grade packs.",
Pigeon meat,Meat & poultry,5.4–6.5,60–75%,0–4°C,N/A (animal tissue),High,High,Medium,2–14 days fresh*,Food-grade tray + high-barrier film / vacuum pack,"Limits oxygen, contamination, purge and dehydration while maintaining cold-chain conditions.","Chill rapidly after slaughter, maintain 0–4°C, prevent cross-contamination and use clean food-grade packs.",
Bison meat,Meat & poultry,5.4–6.5,60–75%,0–4°C,N/A (animal tissue),High,High,Medium,2–14 days fresh*,Food-grade tray + high-barrier film / vacuum pack,"Limits oxygen, contamination, purge and dehydration while maintaining cold-chain conditions.","Chill rapidly after slaughter, maintain 0–4°C, prevent cross-contamination and use clean food-grade packs.",
Camel meat,Meat & poultry,5.4–6.5,60–75%,0–4°C,N/A (animal tissue),High,High,Medium,2–14 days fresh*,Food-grade tray + high-barrier film / vacuum pack,"Limits oxygen, contamination, purge and dehydration while maintaining cold-chain conditions.","Chill rapidly after slaughter, maintain 0–4°C, prevent cross-contamination and use clean food-grade packs.",
Horse meat,Meat & poultry,5.4–6.5,60–75%,0–4°C,N/A (animal tissue),High,High,Medium,2–14 days fresh*,Food-grade tray + high-barrier film / vacuum pack,"Limits oxygen, contamination, purge and dehydration while maintaining cold-chain conditions.","Chill rapidly after slaughter, maintain 0–4°C, prevent cross-contamination and use clean food-grade packs.",
Yak meat,Meat & poultry,5.4–6.5,60–75%,0–4°C,N/A (animal tissue),High,High,Medium,2–14 days fresh*,Food-grade tray + high-barrier film / vacuum pack,"Limits oxygen, contamination, purge and dehydration while maintaining cold-chain conditions.","Chill rapidly after slaughter, maintain 0–4°C, prevent cross-contamination and use clean food-grade packs.",
Elk meat,Meat & poultry,5.4–6.5,60–75%,0–4°C,N/A (animal tissue),High,High,Medium,2–14 days fresh*,Food-grade tray + high-barrier film / vacuum pack,"Limits oxygen, contamination, purge and dehydration while maintaining cold-chain conditions.","Chill rapidly after slaughter, maintain 0–4°C, prevent cross-contamination and use clean food-grade packs.",
Moose meat,Meat & poultry,5.4–6.5,60–75%,0–4°C,N/A (animal tissue),High,High,Medium,2–14 days fresh*,Food-grade tray + high-barrier film / vacuum pack,"Limits oxygen, contamination, purge and dehydration while maintaining cold-chain conditions.","Chill rapidly after slaughter, maintain 0–4°C, prevent cross-contamination and use clean food-grade packs.",
Reindeer meat,Meat & poultry,5.4–6.5,60–75%,0–4°C,N/A (animal tissue),High,High,Medium,2–14 days fresh*,Food-grade tray + high-barrier film / vacuum pack,"Limits oxygen, contamination, purge and dehydration while maintaining cold-chain conditions.","Chill rapidly after slaughter, maintain 0–4°C, prevent cross-contamination and use clean food-grade packs.",
Ostrich meat,Meat & poultry,5.4–6.5,60–75%,0–4°C,N/A (animal tissue),High,High,Medium,2–14 days fresh*,Food-grade tray + high-barrier film / vacuum pack,"Limits oxygen, contamination, purge and dehydration while maintaining cold-chain conditions.","Chill rapidly after slaughter, maintain 0–4°C, prevent cross-contamination and use clean food-grade packs.",
Emu meat,Meat & poultry,5.4–6.5,60–75%,0–4°C,N/A (animal tissue),High,High,Medium,2–14 days fresh*,Food-grade tray + high-barrier film / vacuum pack,"Limits oxygen, contamination, purge and dehydration while maintaining cold-chain conditions.","Chill rapidly after slaughter, maintain 0–4°C, prevent cross-contamination and use clean food-grade packs.",
Wild boar meat,Meat & poultry,5.4–6.5,60–75%,0–4°C,N/A (animal tissue),High,High,Medium,2–14 days fresh*,Food-grade tray + high-barrier film / vacuum pack,"Limits oxygen, contamination, purge and dehydration while maintaining cold-chain conditions.","Chill rapidly after slaughter, maintain 0–4°C, prevent cross-contamination and use clean food-grade packs.",
Beef steak,Meat & poultry,5.4–6.5,60–75%,0–4°C,N/A (animal tissue),High,High,Medium,2–14 days fresh*,Food-grade tray + high-barrier film / vacuum pack,"Limits oxygen, contamination, purge and dehydration while maintaining cold-chain conditions.","Chill rapidly after slaughter, maintain 0–4°C, prevent cross-contamination and use clean food-grade packs.",
Beef mince,Meat & poultry,5.4–6.5,60–75%,0–4°C,N/A (animal tissue),High,High,Medium,2–14 days fresh*,Food-grade tray + high-barrier film / vacuum pack,"Limits oxygen, contamination, purge and dehydration while maintaining cold-chain conditions.","Chill rapidly after slaughter, maintain 0–4°C, prevent cross-contamination and use clean food-grade packs.",
Beef liver,Meat & poultry,5.4–6.5,60–75%,0–4°C,N/A (animal tissue),High,High,Medium,2–14 days fresh*,Food-grade tray + high-barrier film / vacuum pack,"Limits oxygen, contamination, purge and dehydration while maintaining cold-chain conditions.","Chill rapidly after slaughter, maintain 0–4°C, prevent cross-contamination and use clean food-grade packs.",
Beef heart,Meat & poultry,5.4–6.5,60–75%,0–4°C,N/A (animal tissue),High,High,Medium,2–14 days fresh*,Food-grade tray + high-barrier film / vacuum pack,"Limits oxygen, contamination, purge and dehydration while maintaining cold-chain conditions.","Chill rapidly after slaughter, maintain 0–4°C, prevent cross-contamination and use clean food-grade packs.",
Beef kidney,Meat & poultry,5.4–6.5,60–75%,0–4°C,N/A (animal tissue),High,High,Medium,2–14 days fresh*,Food-grade tray + high-barrier film / vacuum pack,"Limits oxygen, contamination, purge and dehydration while maintaining cold-chain conditions.","Chill rapidly after slaughter, maintain 0–4°C, prevent cross-contamination and use clean food-grade packs.",
Beef tongue,Meat & poultry,5.4–6.5,60–75%,0–4°C,N/A (animal tissue),High,High,Medium,2–14 days fresh*,Food-grade tray + high-barrier film / vacuum pack,"Limits oxygen, contamination, purge and dehydration while maintaining cold-chain conditions.","Chill rapidly after slaughter, maintain 0–4°C, prevent cross-contamination and use clean food-grade packs.",
Beef tripe,Meat & poultry,5.4–6.5,60–75%,0–4°C,N/A (animal tissue),High,High,Medium,2–14 days fresh*,Food-grade tray + high-barrier film / vacuum pack,"Limits oxygen, contamination, purge and dehydration while maintaining cold-chain conditions.","Chill rapidly after slaughter, maintain 0–4°C, prevent cross-contamination and use clean food-grade packs.",
Pork loin,Meat & poultry,5.4–6.5,60–75%,0–4°C,N/A (animal tissue),High,High,Medium,2–14 days fresh*,Food-grade tray + high-barrier film / vacuum pack,"Limits oxygen, contamination, purge and dehydration while maintaining cold-chain conditions.","Chill rapidly after slaughter, maintain 0–4°C, prevent cross-contamination and use clean food-grade packs.",
Pork belly,Meat & poultry,5.4–6.5,60–75%,0–4°C,N/A (animal tissue),High,High,Medium,2–14 days fresh*,Food-grade tray + high-barrier film / vacuum pack,"Limits oxygen, contamination, purge and dehydration while maintaining cold-chain conditions.","Chill rapidly after slaughter, maintain 0–4°C, prevent cross-contamination and use clean food-grade packs.",
Pork mince,Meat & poultry,5.4–6.5,60–75%,0–4°C,N/A (animal tissue),High,High,Medium,2–14 days fresh*,Food-grade tray + high-barrier film / vacuum pack,"Limits oxygen, contamination, purge and dehydration while maintaining cold-chain conditions.","Chill rapidly after slaughter, maintain 0–4°C, prevent cross-contamination and use clean food-grade packs.",
Pork liver,Meat & poultry,5.4–6.5,60–75%,0–4°C,N/A (animal tissue),High,High,Medium,2–14 days fresh*,Food-grade tray + high-barrier film / vacuum pack,"Limits oxygen, contamination, purge and dehydration while maintaining cold-chain conditions.","Chill rapidly after slaughter, maintain 0–4°C, prevent cross-contamination and use clean food-grade packs.",
Pork heart,Meat & poultry,5.4–6.5,60–75%,0–4°C,N/A (animal tissue),High,High,Medium,2–14 days fresh*,Food-grade tray + high-barrier film / vacuum pack,"Limits oxygen, contamination, purge and dehydration while maintaining cold-chain conditions.","Chill rapidly after slaughter, maintain 0–4°C, prevent cross-contamination and use clean food-grade packs.",
Pork kidney,Meat & poultry,5.4–6.5,60–75%,0–4°C,N/A (animal tissue),High,High,Medium,2–14 days fresh*,Food-grade tray + high-barrier film / vacuum pack,"Limits oxygen, contamination, purge and dehydration while maintaining cold-chain conditions.","Chill rapidly after slaughter, maintain 0–4°C, prevent cross-contamination and use clean food-grade packs.",
Lamb chop,Meat & poultry,5.4–6.5,60–75%,0–4°C,N/A (animal tissue),High,High,Medium,2–14 days fresh*,Food-grade tray + high-barrier film / vacuum pack,"Limits oxygen, contamination, purge and dehydration while maintaining cold-chain conditions.","Chill rapidly after slaughter, maintain 0–4°C, prevent cross-contamination and use clean food-grade packs.",
Lamb mince,Meat & poultry,5.4–6.5,60–75%,0–4°C,N/A (animal tissue),High,High,Medium,2–14 days fresh*,Food-grade tray + high-barrier film / vacuum pack,"Limits oxygen, contamination, purge and dehydration while maintaining cold-chain conditions.","Chill rapidly after slaughter, maintain 0–4°C, prevent cross-contamination and use clean food-grade packs.",
Salmon,Fish & seafood,6.0–6.5,65–72%,-1–2°C,N/A,High,High,Medium,3–7 days,Ice-compatible insulated box + food-grade liner / high-barrier pack,Rapid cooling and hygienic packaging slow microbial and oxidative quality loss.,"Ice/chill immediately, drain meltwater appropriately, avoid temperature abuse and keep the product hygienically protected.",
Atlantic salmon,Fish & seafood,6.0–7.0,65–85%,-1–2°C,N/A (animal tissue),High,High,Medium,1–10 days fresh*,Ice-compatible insulated box + food-grade liner / high-barrier pack,Rapid cooling and hygienic packaging slow microbial and oxidative quality loss.,"Ice/chill immediately, drain meltwater appropriately, avoid temperature abuse and keep the product hygienically protected.",
Pacific salmon,Fish & seafood,6.0–7.0,65–85%,-1–2°C,N/A (animal tissue),High,High,Medium,1–10 days fresh*,Ice-compatible insulated box + food-grade liner / high-barrier pack,Rapid cooling and hygienic packaging slow microbial and oxidative quality loss.,"Ice/chill immediately, drain meltwater appropriately, avoid temperature abuse and keep the product hygienically protected.",
Trout,Fish & seafood,6.0–7.0,65–85%,-1–2°C,N/A (animal tissue),High,High,Medium,1–10 days fresh*,Ice-compatible insulated box + food-grade liner / high-barrier pack,Rapid cooling and hygienic packaging slow microbial and oxidative quality loss.,"Ice/chill immediately, drain meltwater appropriately, avoid temperature abuse and keep the product hygienically protected.",
Rainbow trout,Fish & seafood,6.0–7.0,65–85%,-1–2°C,N/A (animal tissue),High,High,Medium,1–10 days fresh*,Ice-compatible insulated box + food-grade liner / high-barrier pack,Rapid cooling and hygienic packaging slow microbial and oxidative quality loss.,"Ice/chill immediately, drain meltwater appropriately, avoid temperature abuse and keep the product hygienically protected.",
Tuna,Fish & seafood,6.0–7.0,65–85%,-1–2°C,N/A (animal tissue),High,High,Medium,1–10 days fresh*,Ice-compatible insulated box + food-grade liner / high-barrier pack,Rapid cooling and hygienic packaging slow microbial and oxidative quality loss.,"Ice/chill immediately, drain meltwater appropriately, avoid temperature abuse and keep the product hygienically protected.",
Yellowfin tuna,Fish & seafood,6.0–7.0,65–85%,-1–2°C,N/A (animal tissue),High,High,Medium,1–10 days fresh*,Ice-compatible insulated box + food-grade liner / high-barrier pack,Rapid cooling and hygienic packaging slow microbial and oxidative quality loss.,"Ice/chill immediately, drain meltwater appropriately, avoid temperature abuse and keep the product hygienically protected.",
Skipjack tuna,Fish & seafood,6.0–7.0,65–85%,-1–2°C,N/A (animal tissue),High,High,Medium,1–10 days fresh*,Ice-compatible insulated box + food-grade liner / high-barrier pack,Rapid cooling and hygienic packaging slow microbial and oxidative quality loss.,"Ice/chill immediately, drain meltwater appropriately, avoid temperature abuse and keep the product hygienically protected.",
Bluefin tuna,Fish & seafood,6.0–7.0,65–85%,-1–2°C,N/A (animal tissue),High,High,Medium,1–10 days fresh*,Ice-compatible insulated box + food-grade liner / high-barrier pack,Rapid cooling and hygienic packaging slow microbial and oxidative quality loss.,"Ice/chill immediately, drain meltwater appropriately, avoid temperature abuse and keep the product hygienically protected.",
Cod,Fish & seafood,6.0–7.0,65–85%,-1–2°C,N/A (animal tissue),High,High,Medium,1–10 days fresh*,Ice-compatible insulated box + food-grade liner / high-barrier pack,Rapid cooling and hygienic packaging slow microbial and oxidative quality loss.,"Ice/chill immediately, drain meltwater appropriately, avoid temperature abuse and keep the product hygienically protected.",
Haddock,Fish & seafood,6.0–7.0,65–85%,-1–2°C,N/A (animal tissue),High,High,Medium,1–10 days fresh*,Ice-compatible insulated box + food-grade liner / high-barrier pack,Rapid cooling and hygienic packaging slow microbial and oxidative quality loss.,"Ice/chill immediately, drain meltwater appropriately, avoid temperature abuse and keep the product hygienically protected.",
Hake,Fish & seafood,6.0–7.0,65–85%,-1–2°C,N/A (animal tissue),High,High,Medium,1–10 days fresh*,Ice-compatible insulated box + food-grade liner / high-barrier pack,Rapid cooling and hygienic packaging slow microbial and oxidative quality loss.,"Ice/chill immediately, drain meltwater appropriately, avoid temperature abuse and keep the product hygienically protected.",
Pollock,Fish & seafood,6.0–7.0,65–85%,-1–2°C,N/A (animal tissue),High,High,Medium,1–10 days fresh*,Ice-compatible insulated box + food-grade liner / high-barrier pack,Rapid cooling and hygienic packaging slow microbial and oxidative quality loss.,"Ice/chill immediately, drain meltwater appropriately, avoid temperature abuse and keep the product hygienically protected.",
Halibut,Fish & seafood,6.0–7.0,65–85%,-1–2°C,N/A (animal tissue),High,High,Medium,1–10 days fresh*,Ice-compatible insulated box + food-grade liner / high-barrier pack,Rapid cooling and hygienic packaging slow microbial and oxidative quality loss.,"Ice/chill immediately, drain meltwater appropriately, avoid temperature abuse and keep the product hygienically protected.",
Sardine,Fish & seafood,6.0–7.0,65–85%,-1–2°C,N/A (animal tissue),High,High,Medium,1–10 days fresh*,Ice-compatible insulated box + food-grade liner / high-barrier pack,Rapid cooling and hygienic packaging slow microbial and oxidative quality loss.,"Ice/chill immediately, drain meltwater appropriately, avoid temperature abuse and keep the product hygienically protected.",
Anchovy,Fish & seafood,6.0–7.0,65–85%,-1–2°C,N/A (animal tissue),High,High,Medium,1–10 days fresh*,Ice-compatible insulated box + food-grade liner / high-barrier pack,Rapid cooling and hygienic packaging slow microbial and oxidative quality loss.,"Ice/chill immediately, drain meltwater appropriately, avoid temperature abuse and keep the product hygienically protected.",
Mackerel,Fish & seafood,6.0–7.0,65–85%,-1–2°C,N/A (animal tissue),High,High,Medium,1–10 days fresh*,Ice-compatible insulated box + food-grade liner / high-barrier pack,Rapid cooling and hygienic packaging slow microbial and oxidative quality loss.,"Ice/chill immediately, drain meltwater appropriately, avoid temperature abuse and keep the product hygienically protected.",
Herring,Fish & seafood,6.0–7.0,65–85%,-1–2°C,N/A (animal tissue),High,High,Medium,1–10 days fresh*,Ice-compatible insulated box + food-grade liner / high-barrier pack,Rapid cooling and hygienic packaging slow microbial and oxidative quality loss.,"Ice/chill immediately, drain meltwater appropriately, avoid temperature abuse and keep the product hygienically protected.",
Sprat,Fish & seafood,6.0–7.0,65–85%,-1–2°C,N/A (animal tissue),High,High,Medium,1–10 days fresh*,Ice-compatible insulated box + food-grade liner / high-barrier pack,Rapid cooling and hygienic packaging slow microbial and oxidative quality loss.,"Ice/chill immediately, drain meltwater appropriately, avoid temperature abuse and keep the product hygienically protected.",
Sole,Fish & seafood,6.0–7.0,65–85%,-1–2°C,N/A (animal tissue),High,High,Medium,1–10 days fresh*,Ice-compatible insulated box + food-grade liner / high-barrier pack,Rapid cooling and hygienic packaging slow microbial and oxidative quality loss.,"Ice/chill immediately, drain meltwater appropriately, avoid temperature abuse and keep the product hygienically protected.",
Flounder,Fish & seafood,6.0–7.0,65–85%,-1–2°C,N/A (animal tissue),High,High,Medium,1–10 days fresh*,Ice-compatible insulated box + food-grade liner / high-barrier pack,Rapid cooling and hygienic packaging slow microbial and oxidative quality loss.,"Ice/chill immediately, drain meltwater appropriately, avoid temperature abuse and keep the product hygienically protected.",
Plaice,Fish & seafood,6.0–7.0,65–85%,-1–2°C,N/A (animal tissue),High,High,Medium,1–10 days fresh*,Ice-compatible insulated box + food-grade liner / high-barrier pack,Rapid cooling and hygienic packaging slow microbial and oxidative quality loss.,"Ice/chill immediately, drain meltwater appropriately, avoid temperature abuse and keep the product hygienically protected.",
Sea bass,Fish & seafood,6.0–7.0,65–85%,-1–2°C,N/A (animal tissue),High,High,Medium,1–10 days fresh*,Ice-compatible insulated box + food-grade liner / high-barrier pack,Rapid cooling and hygienic packaging slow microbial and oxidative quality loss.,"Ice/chill immediately, drain meltwater appropriately, avoid temperature abuse and keep the product hygienically protected.",
Sea bream,Fish & seafood,6.0–7.0,65–85%,-1–2°C,N/A (animal tissue),High,High,Medium,1–10 days fresh*,Ice-compatible insulated box + food-grade liner / high-barrier pack,Rapid cooling and hygienic packaging slow microbial and oxidative quality loss.,"Ice/chill immediately, drain meltwater appropriately, avoid temperature abuse and keep the product hygienically protected.",
Snapper,Fish & seafood,6.0–7.0,65–85%,-1–2°C,N/A (animal tissue),High,High,Medium,1–10 days fresh*,Ice-compatible insulated box + food-grade liner / high-barrier pack,Rapid cooling and hygienic packaging slow microbial and oxidative quality loss.,"Ice/chill immediately, drain meltwater appropriately, avoid temperature abuse and keep the product hygienically protected.",
Grouper,Fish & seafood,6.0–7.0,65–85%,-1–2°C,N/A (animal tissue),High,High,Medium,1–10 days fresh*,Ice-compatible insulated box + food-grade liner / high-barrier pack,Rapid cooling and hygienic packaging slow microbial and oxidative quality loss.,"Ice/chill immediately, drain meltwater appropriately, avoid temperature abuse and keep the product hygienically protected.",
Tilapia,Fish & seafood,6.0–7.0,65–85%,-1–2°C,N/A (animal tissue),High,High,Medium,1–10 days fresh*,Ice-compatible insulated box + food-grade liner / high-barrier pack,Rapid cooling and hygienic packaging slow microbial and oxidative quality loss.,"Ice/chill immediately, drain meltwater appropriately, avoid temperature abuse and keep the product hygienically protected.",
Catfish,Fish & seafood,6.0–7.0,65–85%,-1–2°C,N/A (animal tissue),High,High,Medium,1–10 days fresh*,Ice-compatible insulated box + food-grade liner / high-barrier pack,Rapid cooling and hygienic packaging slow microbial and oxidative quality loss.,"Ice/chill immediately, drain meltwater appropriately, avoid temperature abuse and keep the product hygienically protected.",
Carp,Fish & seafood,6.0–7.0,65–85%,-1–2°C,N/A (animal tissue),High,High,Medium,1–10 days fresh*,Ice-compatible insulated box + food-grade liner / high-barrier pack,Rapid cooling and hygienic packaging slow microbial and oxidative quality loss.,"Ice/chill immediately, drain meltwater appropriately, avoid temperature abuse and keep the product hygienically protected.",
Grass carp,Fish & seafood,6.0–7.0,65–85%,-1–2°C,N/A (animal tissue),High,High,Medium,1–10 days fresh*,Ice-compatible insulated box + food-grade liner / high-barrier pack,Rapid cooling and hygienic packaging slow microbial and oxidative quality loss.,"Ice/chill immediately, drain meltwater appropriately, avoid temperature abuse and keep the product hygienically protected.",
Silver carp,Fish & seafood,6.0–7.0,65–85%,-1–2°C,N/A (animal tissue),High,High,Medium,1–10 days fresh*,Ice-compatible insulated box + food-grade liner / high-barrier pack,Rapid cooling and hygienic packaging slow microbial and oxidative quality loss.,"Ice/chill immediately, drain meltwater appropriately, avoid temperature abuse and keep the product hygienically protected.",
Mrigal,Fish & seafood,6.0–7.0,65–85%,-1–2°C,N/A (animal tissue),High,High,Medium,1–10 days fresh*,Ice-compatible insulated box + food-grade liner / high-barrier pack,Rapid cooling and hygienic packaging slow microbial and oxidative quality loss.,"Ice/chill immediately, drain meltwater appropriately, avoid temperature abuse and keep the product hygienically protected.",
Rohu,Fish & seafood,6.0–7.0,65–85%,-1–2°C,N/A (animal tissue),High,High,Medium,1–10 days fresh*,Ice-compatible insulated box + food-grade liner / high-barrier pack,Rapid cooling and hygienic packaging slow microbial and oxidative quality loss.,"Ice/chill immediately, drain meltwater appropriately, avoid temperature abuse and keep the product hygienically protected.",
Hilsa,Fish & seafood,6.0–7.0,65–85%,-1–2°C,N/A (animal tissue),High,High,Medium,1–10 days fresh*,Ice-compatible insulated box + food-grade liner / high-barrier pack,Rapid cooling and hygienic packaging slow microbial and oxidative quality loss.,"Ice/chill immediately, drain meltwater appropriately, avoid temperature abuse and keep the product hygienically protected.",
Pomfret,Fish & seafood,6.0–7.0,65–85%,-1–2°C,N/A (animal tissue),High,High,Medium,1–10 days fresh*,Ice-compatible insulated box + food-grade liner / high-barrier pack,Rapid cooling and hygienic packaging slow microbial and oxidative quality loss.,"Ice/chill immediately, drain meltwater appropriately, avoid temperature abuse and keep the product hygienically protected.",
Mahi-mahi,Fish & seafood,6.0–7.0,65–85%,-1–2°C,N/A (animal tissue),High,High,Medium,1–10 days fresh*,Ice-compatible insulated box + food-grade liner / high-barrier pack,Rapid cooling and hygienic packaging slow microbial and oxidative quality loss.,"Ice/chill immediately, drain meltwater appropriately, avoid temperature abuse and keep the product hygienically protected.",
Swordfish,Fish & seafood,6.0–7.0,65–85%,-1–2°C,N/A (animal tissue),High,High,Medium,1–10 days fresh*,Ice-compatible insulated box + food-grade liner / high-barrier pack,Rapid cooling and hygienic packaging slow microbial and oxidative quality loss.,"Ice/chill immediately, drain meltwater appropriately, avoid temperature abuse and keep the product hygienically protected.",
Marlin,Fish & seafood,6.0–7.0,65–85%,-1–2°C,N/A (animal tissue),High,High,Medium,1–10 days fresh*,Ice-compatible insulated box + food-grade liner / high-barrier pack,Rapid cooling and hygienic packaging slow microbial and oxidative quality loss.,"Ice/chill immediately, drain meltwater appropriately, avoid temperature abuse and keep the product hygienically protected.",
Barramundi,Fish & seafood,6.0–7.0,65–85%,-1–2°C,N/A (animal tissue),High,High,Medium,1–10 days fresh*,Ice-compatible insulated box + food-grade liner / high-barrier pack,Rapid cooling and hygienic packaging slow microbial and oxidative quality loss.,"Ice/chill immediately, drain meltwater appropriately, avoid temperature abuse and keep the product hygienically protected.",
Eel,Fish & seafood,6.0–7.0,65–85%,-1–2°C,N/A (animal tissue),High,High,Medium,1–10 days fresh*,Ice-compatible insulated box + food-grade liner / high-barrier pack,Rapid cooling and hygienic packaging slow microbial and oxidative quality loss.,"Ice/chill immediately, drain meltwater appropriately, avoid temperature abuse and keep the product hygienically protected.",
Chicken egg,Eggs & dairy,7.6–8.5 albumen; 6.0 yolk,73–76%,0–7°C*,N/A,Medium,Medium,Medium,3–5 weeks*,"Food-grade carton, bottle or high-barrier sealed container","Protects from contamination, light, oxygen and moisture while maintaining the required cold chain.",Keep hygienically handled and refrigerated when required; avoid temperature fluctuations and direct sunlight.,
Duck egg,Eggs & dairy,4.5–7.0,30–90%,0–7°C*,N/A,Medium–High,Medium–High,Medium–High,days–months*,"Food-grade carton, bottle or high-barrier sealed container","Protects from contamination, light, oxygen and moisture while maintaining the required cold chain.",Keep hygienically handled and refrigerated when required; avoid temperature fluctuations and direct sunlight.,
Quail egg,Eggs & dairy,4.5–7.0,30–90%,0–7°C*,N/A,Medium–High,Medium–High,Medium–High,days–months*,"Food-grade carton, bottle or high-barrier sealed container","Protects from contamination, light, oxygen and moisture while maintaining the required cold chain.",Keep hygienically handled and refrigerated when required; avoid temperature fluctuations and direct sunlight.,
Whole milk,Eggs & dairy,6.5–6.8,87–89%,0–4°C,N/A,Medium,Low,High,5–10 days,"Food-grade carton, bottle or high-barrier sealed container","Protects from contamination, light, oxygen and moisture while maintaining the required cold chain.",Keep hygienically handled and refrigerated when required; avoid temperature fluctuations and direct sunlight.,
Buffalo milk,Eggs & dairy,4.5–7.0,30–90%,0–7°C*,N/A,Medium–High,Medium–High,Medium–High,days–months*,"Food-grade carton, bottle or high-barrier sealed container","Protects from contamination, light, oxygen and moisture while maintaining the required cold chain.",Keep hygienically handled and refrigerated when required; avoid temperature fluctuations and direct sunlight.,
Goat milk,Eggs & dairy,4.5–7.0,30–90%,0–7°C*,N/A,Medium–High,Medium–High,Medium–High,days–months*,"Food-grade carton, bottle or high-barrier sealed container","Protects from contamination, light, oxygen and moisture while maintaining the required cold chain.",Keep hygienically handled and refrigerated when required; avoid temperature fluctuations and direct sunlight.,
Sheep milk,Eggs & dairy,4.5–7.0,30–90%,0–7°C*,N/A,Medium–High,Medium–High,Medium–High,days–months*,"Food-grade carton, bottle or high-barrier sealed container","Protects from contamination, light, oxygen and moisture while maintaining the required cold chain.",Keep hygienically handled and refrigerated when required; avoid temperature fluctuations and direct sunlight.,
Cow milk,Eggs & dairy,4.5–7.0,30–90%,0–7°C*,N/A,Medium–High,Medium–High,Medium–High,days–months*,"Food-grade carton, bottle or high-barrier sealed container","Protects from contamination, light, oxygen and moisture while maintaining the required cold chain.",Keep hygienically handled and refrigerated when required; avoid temperature fluctuations and direct sunlight.,
Skim milk,Eggs & dairy,4.5–7.0,30–90%,0–7°C*,N/A,Medium–High,Medium–High,Medium–High,days–months*,"Food-grade carton, bottle or high-barrier sealed container","Protects from contamination, light, oxygen and moisture while maintaining the required cold chain.",Keep hygienically handled and refrigerated when required; avoid temperature fluctuations and direct sunlight.,
Cream,Eggs & dairy,4.5–7.0,30–90%,0–7°C*,N/A,Medium–High,Medium–High,Medium–High,days–months*,"Food-grade carton, bottle or high-barrier sealed container","Protects from contamination, light, oxygen and moisture while maintaining the required cold chain.",Keep hygienically handled and refrigerated when required; avoid temperature fluctuations and direct sunlight.,
Butter,Eggs & dairy,6.0–6.8,15–18%,0–4°C,N/A,High,Medium,High,1–6 months,"Food-grade carton, bottle or high-barrier sealed container","Protects from contamination, light, oxygen and moisture while maintaining the required cold chain.",Keep hygienically handled and refrigerated when required; avoid temperature fluctuations and direct sunlight.,
Ghee,Eggs & dairy,4.5–7.0,30–90%,0–7°C*,N/A,Medium–High,Medium–High,Medium–High,days–months*,"Food-grade carton, bottle or high-barrier sealed container","Protects from contamination, light, oxygen and moisture while maintaining the required cold chain.",Keep hygienically handled and refrigerated when required; avoid temperature fluctuations and direct sunlight.,
Cheddar cheese,Eggs & dairy,4.5–7.0,30–90%,0–7°C*,N/A,Medium–High,Medium–High,Medium–High,days–months*,"Food-grade carton, bottle or high-barrier sealed container","Protects from contamination, light, oxygen and moisture while maintaining the required cold chain.",Keep hygienically handled and refrigerated when required; avoid temperature fluctuations and direct sunlight.,
Mozzarella cheese,Eggs & dairy,4.5–7.0,30–90%,0–7°C*,N/A,Medium–High,Medium–High,Medium–High,days–months*,"Food-grade carton, bottle or high-barrier sealed container","Protects from contamination, light, oxygen and moisture while maintaining the required cold chain.",Keep hygienically handled and refrigerated when required; avoid temperature fluctuations and direct sunlight.,
Parmesan cheese,Eggs & dairy,4.5–7.0,30–90%,0–7°C*,N/A,Medium–High,Medium–High,Medium–High,days–months*,"Food-grade carton, bottle or high-barrier sealed container","Protects from contamination, light, oxygen and moisture while maintaining the required cold chain.",Keep hygienically handled and refrigerated when required; avoid temperature fluctuations and direct sunlight.,
Gouda cheese,Eggs & dairy,4.5–7.0,30–90%,0–7°C*,N/A,Medium–High,Medium–High,Medium–High,days–months*,"Food-grade carton, bottle or high-barrier sealed container","Protects from contamination, light, oxygen and moisture while maintaining the required cold chain.",Keep hygienically handled and refrigerated when required; avoid temperature fluctuations and direct sunlight.,
Edam cheese,Eggs & dairy,4.5–7.0,30–90%,0–7°C*,N/A,Medium–High,Medium–High,Medium–High,days–months*,"Food-grade carton, bottle or high-barrier sealed container","Protects from contamination, light, oxygen and moisture while maintaining the required cold chain.",Keep hygienically handled and refrigerated when required; avoid temperature fluctuations and direct sunlight.,
Swiss cheese,Eggs & dairy,4.5–7.0,30–90%,0–7°C*,N/A,Medium–High,Medium–High,Medium–High,days–months*,"Food-grade carton, bottle or high-barrier sealed container","Protects from contamination, light, oxygen and moisture while maintaining the required cold chain.",Keep hygienically handled and refrigerated when required; avoid temperature fluctuations and direct sunlight.,
Brie cheese,Eggs & dairy,4.5–7.0,30–90%,0–7°C*,N/A,Medium–High,Medium–High,Medium–High,days–months*,"Food-grade carton, bottle or high-barrier sealed container","Protects from contamination, light, oxygen and moisture while maintaining the required cold chain.",Keep hygienically handled and refrigerated when required; avoid temperature fluctuations and direct sunlight.,
Camembert cheese,Eggs & dairy,4.5–7.0,30–90%,0–7°C*,N/A,Medium–High,Medium–High,Medium–High,days–months*,"Food-grade carton, bottle or high-barrier sealed container","Protects from contamination, light, oxygen and moisture while maintaining the required cold chain.",Keep hygienically handled and refrigerated when required; avoid temperature fluctuations and direct sunlight.,
Feta cheese,Eggs & dairy,4.5–7.0,30–90%,0–7°C*,N/A,Medium–High,Medium–High,Medium–High,days–months*,"Food-grade carton, bottle or high-barrier sealed container","Protects from contamination, light, oxygen and moisture while maintaining the required cold chain.",Keep hygienically handled and refrigerated when required; avoid temperature fluctuations and direct sunlight.,
Blue cheese,Eggs & dairy,4.5–7.0,30–90%,0–7°C*,N/A,Medium–High,Medium–High,Medium–High,days–months*,"Food-grade carton, bottle or high-barrier sealed container","Protects from contamination, light, oxygen and moisture while maintaining the required cold chain.",Keep hygienically handled and refrigerated when required; avoid temperature fluctuations and direct sunlight.,
Cottage cheese,Eggs & dairy,4.5–7.0,30–90%,0–7°C*,N/A,Medium–High,Medium–High,Medium–High,days–months*,"Food-grade carton, bottle or high-barrier sealed container","Protects from contamination, light, oxygen and moisture while maintaining the required cold chain.",Keep hygienically handled and refrigerated when required; avoid temperature fluctuations and direct sunlight.,
Cream cheese,Eggs & dairy,4.5–7.0,30–90%,0–7°C*,N/A,Medium–High,Medium–High,Medium–High,days–months*,"Food-grade carton, bottle or high-barrier sealed container","Protects from contamination, light, oxygen and moisture while maintaining the required cold chain.",Keep hygienically handled and refrigerated when required; avoid temperature fluctuations and direct sunlight.,
Ricotta,Eggs & dairy,4.5–7.0,30–90%,0–7°C*,N/A,Medium–High,Medium–High,Medium–High,days–months*,"Food-grade carton, bottle or high-barrier sealed container","Protects from contamination, light, oxygen and moisture while maintaining the required cold chain.",Keep hygienically handled and refrigerated when required; avoid temperature fluctuations and direct sunlight.,
Paneer,Eggs & dairy,4.5–7.0,30–90%,0–7°C*,N/A,Medium–High,Medium–High,Medium–High,days–months*,"Food-grade carton, bottle or high-barrier sealed container","Protects from contamination, light, oxygen and moisture while maintaining the required cold chain.",Keep hygienically handled and refrigerated when required; avoid temperature fluctuations and direct sunlight.,
Chhena,Eggs & dairy,4.5–7.0,30–90%,0–7°C*,N/A,Medium–High,Medium–High,Medium–High,days–months*,"Food-grade carton, bottle or high-barrier sealed container","Protects from contamination, light, oxygen and moisture while maintaining the required cold chain.",Keep hygienically handled and refrigerated when required; avoid temperature fluctuations and direct sunlight.,
Yogurt,Eggs & dairy,4.5–7.0,30–90%,0–7°C*,N/A,Medium–High,Medium–High,Medium–High,days–months*,"Food-grade carton, bottle or high-barrier sealed container","Protects from contamination, light, oxygen and moisture while maintaining the required cold chain.",Keep hygienically handled and refrigerated when required; avoid temperature fluctuations and direct sunlight.,
Greek yogurt,Eggs & dairy,4.5–7.0,30–90%,0–7°C*,N/A,Medium–High,Medium–High,Medium–High,days–months*,"Food-grade carton, bottle or high-barrier sealed container","Protects from contamination, light, oxygen and moisture while maintaining the required cold chain.",Keep hygienically handled and refrigerated when required; avoid temperature fluctuations and direct sunlight.,
Kefir,Eggs & dairy,4.5–7.0,30–90%,0–7°C*,N/A,Medium–High,Medium–High,Medium–High,days–months*,"Food-grade carton, bottle or high-barrier sealed container","Protects from contamination, light, oxygen and moisture while maintaining the required cold chain.",Keep hygienically handled and refrigerated when required; avoid temperature fluctuations and direct sunlight.,
Buttermilk,Eggs & dairy,4.5–7.0,30–90%,0–7°C*,N/A,Medium–High,Medium–High,Medium–High,days–months*,"Food-grade carton, bottle or high-barrier sealed container","Protects from contamination, light, oxygen and moisture while maintaining the required cold chain.",Keep hygienically handled and refrigerated when required; avoid temperature fluctuations and direct sunlight.,
Condensed milk,Eggs & dairy,4.5–7.0,30–90%,0–7°C*,N/A,Medium–High,Medium–High,Medium–High,days–months*,"Food-grade carton, bottle or high-barrier sealed container","Protects from contamination, light, oxygen and moisture while maintaining the required cold chain.",Keep hygienically handled and refrigerated when required; avoid temperature fluctuations and direct sunlight.,
Evaporated milk,Eggs & dairy,4.5–7.0,30–90%,0–7°C*,N/A,Medium–High,Medium–High,Medium–High,days–months*,"Food-grade carton, bottle or high-barrier sealed container","Protects from contamination, light, oxygen and moisture while maintaining the required cold chain.",Keep hygienically handled and refrigerated when required; avoid temperature fluctuations and direct sunlight.,
Milk powder,Eggs & dairy,4.5–7.0,30–90%,0–7°C*,N/A,Medium–High,Medium–High,Medium–High,days–months*,"Food-grade carton, bottle or high-barrier sealed container","Protects from contamination, light, oxygen and moisture while maintaining the required cold chain.",Keep hygienically handled and refrigerated when required; avoid temperature fluctuations and direct sunlight.,
Skim milk powder,Eggs & dairy,4.5–7.0,30–90%,0–7°C*,N/A,Medium–High,Medium–High,Medium–High,days–months*,"Food-grade carton, bottle or high-barrier sealed container","Protects from contamination, light, oxygen and moisture while maintaining the required cold chain.",Keep hygienically handled and refrigerated when required; avoid temperature fluctuations and direct sunlight.,
Cane sugar,Sugars & sweeteners,4.5–7.0,1–25%,15–25°C,N/A,Low–Medium,High,Medium,12–36 months,Moisture-barrier food-grade pouch or sealed container,"Primary risk is moisture pickup causing caking, fermentation or quality loss.",Keep dry and sealed; prevent water ingress and store away from heat and contamination.,
Brown sugar,Sugars & sweeteners,4.5–7.0,1–25%,15–25°C,N/A,Low–Medium,High,Medium,12–36 months,Moisture-barrier food-grade pouch or sealed container,"Primary risk is moisture pickup causing caking, fermentation or quality loss.",Keep dry and sealed; prevent water ingress and store away from heat and contamination.,
Raw sugar,Sugars & sweeteners,4.5–7.0,1–25%,15–25°C,N/A,Low–Medium,High,Medium,12–36 months,Moisture-barrier food-grade pouch or sealed container,"Primary risk is moisture pickup causing caking, fermentation or quality loss.",Keep dry and sealed; prevent water ingress and store away from heat and contamination.,
Muscovado sugar,Sugars & sweeteners,4.5–7.0,1–25%,15–25°C,N/A,Low–Medium,High,Medium,12–36 months,Moisture-barrier food-grade pouch or sealed container,"Primary risk is moisture pickup causing caking, fermentation or quality loss.",Keep dry and sealed; prevent water ingress and store away from heat and contamination.,
Jaggery,Sugars & sweeteners,4.5–7.0,1–25%,15–25°C,N/A,Low–Medium,High,Medium,12–36 months,Moisture-barrier food-grade pouch or sealed container,"Primary risk is moisture pickup causing caking, fermentation or quality loss.",Keep dry and sealed; prevent water ingress and store away from heat and contamination.,
Palm sugar,Sugars & sweeteners,4.5–7.0,1–25%,15–25°C,N/A,Low–Medium,High,Medium,12–36 months,Moisture-barrier food-grade pouch or sealed container,"Primary risk is moisture pickup causing caking, fermentation or quality loss.",Keep dry and sealed; prevent water ingress and store away from heat and contamination.,
Coconut sugar,Sugars & sweeteners,4.5–7.0,1–25%,15–25°C,N/A,Low–Medium,High,Medium,12–36 months,Moisture-barrier food-grade pouch or sealed container,"Primary risk is moisture pickup causing caking, fermentation or quality loss.",Keep dry and sealed; prevent water ingress and store away from heat and contamination.,
Date sugar,Sugars & sweeteners,4.5–7.0,1–25%,15–25°C,N/A,Low–Medium,High,Medium,12–36 months,Moisture-barrier food-grade pouch or sealed container,"Primary risk is moisture pickup causing caking, fermentation or quality loss.",Keep dry and sealed; prevent water ingress and store away from heat and contamination.,
Powdered sugar,Sugars & sweeteners,4.5–7.0,1–25%,15–25°C,N/A,Low–Medium,High,Medium,12–36 months,Moisture-barrier food-grade pouch or sealed container,"Primary risk is moisture pickup causing caking, fermentation or quality loss.",Keep dry and sealed; prevent water ingress and store away from heat and contamination.,
Icing sugar,Sugars & sweeteners,4.5–7.0,1–25%,15–25°C,N/A,Low–Medium,High,Medium,12–36 months,Moisture-barrier food-grade pouch or sealed container,"Primary risk is moisture pickup causing caking, fermentation or quality loss.",Keep dry and sealed; prevent water ingress and store away from heat and contamination.,
Glucose syrup,Sugars & sweeteners,4.5–7.0,1–25%,15–25°C,N/A,Low–Medium,High,Medium,12–36 months,Moisture-barrier food-grade pouch or sealed container,"Primary risk is moisture pickup causing caking, fermentation or quality loss.",Keep dry and sealed; prevent water ingress and store away from heat and contamination.,
Corn syrup,Sugars & sweeteners,4.5–7.0,1–25%,15–25°C,N/A,Low–Medium,High,Medium,12–36 months,Moisture-barrier food-grade pouch or sealed container,"Primary risk is moisture pickup causing caking, fermentation or quality loss.",Keep dry and sealed; prevent water ingress and store away from heat and contamination.,
High-fructose corn syrup,Sugars & sweeteners,4.5–7.0,1–25%,15–25°C,N/A,Low–Medium,High,Medium,12–36 months,Moisture-barrier food-grade pouch or sealed container,"Primary risk is moisture pickup causing caking, fermentation or quality loss.",Keep dry and sealed; prevent water ingress and store away from heat and contamination.,
Invert syrup,Sugars & sweeteners,4.5–7.0,1–25%,15–25°C,N/A,Low–Medium,High,Medium,12–36 months,Moisture-barrier food-grade pouch or sealed container,"Primary risk is moisture pickup causing caking, fermentation or quality loss.",Keep dry and sealed; prevent water ingress and store away from heat and contamination.,
Molasses,Sugars & sweeteners,4.5–7.0,1–25%,15–25°C,N/A,Low–Medium,High,Medium,12–36 months,Moisture-barrier food-grade pouch or sealed container,"Primary risk is moisture pickup causing caking, fermentation or quality loss.",Keep dry and sealed; prevent water ingress and store away from heat and contamination.,
Treacle,Sugars & sweeteners,4.5–7.0,1–25%,15–25°C,N/A,Low–Medium,High,Medium,12–36 months,Moisture-barrier food-grade pouch or sealed container,"Primary risk is moisture pickup causing caking, fermentation or quality loss.",Keep dry and sealed; prevent water ingress and store away from heat and contamination.,
Maple syrup,Sugars & sweeteners,4.5–7.0,1–25%,15–25°C,N/A,Low–Medium,High,Medium,12–36 months,Moisture-barrier food-grade pouch or sealed container,"Primary risk is moisture pickup causing caking, fermentation or quality loss.",Keep dry and sealed; prevent water ingress and store away from heat and contamination.,
Agave syrup,Sugars & sweeteners,4.5–7.0,1–25%,15–25°C,N/A,Low–Medium,High,Medium,12–36 months,Moisture-barrier food-grade pouch or sealed container,"Primary risk is moisture pickup causing caking, fermentation or quality loss.",Keep dry and sealed; prevent water ingress and store away from heat and contamination.,
Honey,Sugars & sweeteners,3.4–6.1,15–20%,15–25°C,N/A,Low–Medium,High,Medium,12–36 months,Moisture-barrier food-grade pouch or sealed container,"Primary risk is moisture pickup causing caking, fermentation or quality loss.",Keep dry and sealed; prevent water ingress and store away from heat and contamination.,
Stevia leaves dried,Sugars & sweeteners,4.5–7.0,1–25%,15–25°C,N/A,Low–Medium,High,Medium,12–36 months,Moisture-barrier food-grade pouch or sealed container,"Primary risk is moisture pickup causing caking, fermentation or quality loss.",Keep dry and sealed; prevent water ingress and store away from heat and contamination.,
Olive oil,Edible oils & fats,N/A,<0.2%,15–20°C,N/A,Very high,Low,Very high,12–24 months,"Light-resistant, oxygen-minimizing food-grade bottle/container","Limits oxidation caused by oxygen, heat and light.","Store tightly closed in a cool, dark place; minimize headspace and repeated exposure to air.",
Extra virgin olive oil,Edible oils & fats,N/A,<0.5–1%,15–25°C,N/A,High,Medium,High,6–24 months,"Light-resistant, oxygen-minimizing food-grade bottle/container","Limits oxidation caused by oxygen, heat and light.","Store tightly closed in a cool, dark place; minimize headspace and repeated exposure to air.",
Sunflower oil,Edible oils & fats,N/A,<0.5–1%,15–25°C,N/A,High,Medium,High,6–24 months,"Light-resistant, oxygen-minimizing food-grade bottle/container","Limits oxidation caused by oxygen, heat and light.","Store tightly closed in a cool, dark place; minimize headspace and repeated exposure to air.",
Canola oil,Edible oils & fats,N/A,<0.5–1%,15–25°C,N/A,High,Medium,High,6–24 months,"Light-resistant, oxygen-minimizing food-grade bottle/container","Limits oxidation caused by oxygen, heat and light.","Store tightly closed in a cool, dark place; minimize headspace and repeated exposure to air.",
Rapeseed oil,Edible oils & fats,N/A,<0.5–1%,15–25°C,N/A,High,Medium,High,6–24 months,"Light-resistant, oxygen-minimizing food-grade bottle/container","Limits oxidation caused by oxygen, heat and light.","Store tightly closed in a cool, dark place; minimize headspace and repeated exposure to air.",
Soybean oil,Edible oils & fats,N/A,<0.5–1%,15–25°C,N/A,High,Medium,High,6–24 months,"Light-resistant, oxygen-minimizing food-grade bottle/container","Limits oxidation caused by oxygen, heat and light.","Store tightly closed in a cool, dark place; minimize headspace and repeated exposure to air.",
Corn oil,Edible oils & fats,N/A,<0.5–1%,15–25°C,N/A,High,Medium,High,6–24 months,"Light-resistant, oxygen-minimizing food-grade bottle/container","Limits oxidation caused by oxygen, heat and light.","Store tightly closed in a cool, dark place; minimize headspace and repeated exposure to air.",
Rice bran oil,Edible oils & fats,N/A,<0.5–1%,15–25°C,N/A,High,Medium,High,6–24 months,"Light-resistant, oxygen-minimizing food-grade bottle/container","Limits oxidation caused by oxygen, heat and light.","Store tightly closed in a cool, dark place; minimize headspace and repeated exposure to air.",
Peanut oil,Edible oils & fats,N/A,<0.5–1%,15–25°C,N/A,High,Medium,High,6–24 months,"Light-resistant, oxygen-minimizing food-grade bottle/container","Limits oxidation caused by oxygen, heat and light.","Store tightly closed in a cool, dark place; minimize headspace and repeated exposure to air.",
Sesame oil,Edible oils & fats,N/A,<0.5–1%,15–25°C,N/A,High,Medium,High,6–24 months,"Light-resistant, oxygen-minimizing food-grade bottle/container","Limits oxidation caused by oxygen, heat and light.","Store tightly closed in a cool, dark place; minimize headspace and repeated exposure to air.",
Mustard oil,Edible oils & fats,N/A,<0.5–1%,15–25°C,N/A,High,Medium,High,6–24 months,"Light-resistant, oxygen-minimizing food-grade bottle/container","Limits oxidation caused by oxygen, heat and light.","Store tightly closed in a cool, dark place; minimize headspace and repeated exposure to air.",
Coconut oil,Edible oils & fats,N/A,<0.5–1%,15–25°C,N/A,High,Medium,High,6–24 months,"Light-resistant, oxygen-minimizing food-grade bottle/container","Limits oxidation caused by oxygen, heat and light.","Store tightly closed in a cool, dark place; minimize headspace and repeated exposure to air.",
Palm oil,Edible oils & fats,N/A,<0.5–1%,15–25°C,N/A,High,Medium,High,6–24 months,"Light-resistant, oxygen-minimizing food-grade bottle/container","Limits oxidation caused by oxygen, heat and light.","Store tightly closed in a cool, dark place; minimize headspace and repeated exposure to air.",
Palm kernel oil,Edible oils & fats,N/A,<0.5–1%,15–25°C,N/A,High,Medium,High,6–24 months,"Light-resistant, oxygen-minimizing food-grade bottle/container","Limits oxidation caused by oxygen, heat and light.","Store tightly closed in a cool, dark place; minimize headspace and repeated exposure to air.",
Cottonseed oil,Edible oils & fats,N/A,<0.5–1%,15–25°C,N/A,High,Medium,High,6–24 months,"Light-resistant, oxygen-minimizing food-grade bottle/container","Limits oxidation caused by oxygen, heat and light.","Store tightly closed in a cool, dark place; minimize headspace and repeated exposure to air.",
Safflower oil,Edible oils & fats,N/A,<0.5–1%,15–25°C,N/A,High,Medium,High,6–24 months,"Light-resistant, oxygen-minimizing food-grade bottle/container","Limits oxidation caused by oxygen, heat and light.","Store tightly closed in a cool, dark place; minimize headspace and repeated exposure to air.",
Flaxseed oil,Edible oils & fats,N/A,<0.5–1%,15–25°C,N/A,High,Medium,High,6–24 months,"Light-resistant, oxygen-minimizing food-grade bottle/container","Limits oxidation caused by oxygen, heat and light.","Store tightly closed in a cool, dark place; minimize headspace and repeated exposure to air.",
Avocado oil,Edible oils & fats,N/A,<0.5–1%,15–25°C,N/A,High,Medium,High,6–24 months,"Light-resistant, oxygen-minimizing food-grade bottle/container","Limits oxidation caused by oxygen, heat and light.","Store tightly closed in a cool, dark place; minimize headspace and repeated exposure to air.",
Grapeseed oil,Edible oils & fats,N/A,<0.5–1%,15–25°C,N/A,High,Medium,High,6–24 months,"Light-resistant, oxygen-minimizing food-grade bottle/container","Limits oxidation caused by oxygen, heat and light.","Store tightly closed in a cool, dark place; minimize headspace and repeated exposure to air.",
Walnut oil,Edible oils & fats,N/A,<0.5–1%,15–25°C,N/A,High,Medium,High,6–24 months,"Light-resistant, oxygen-minimizing food-grade bottle/container","Limits oxidation caused by oxygen, heat and light.","Store tightly closed in a cool, dark place; minimize headspace and repeated exposure to air.",
Coffee beans,Beverages,5.0–6.0,9–12%,15–25°C,Low,High,High,High,6–12 months,Food-grade bottle/carton/pouch with appropriate barrier,Controls oxygen/light exposure and protects against contamination and leakage.,"Use hygienic filling, suitable seals and the recommended storage temperature; protect sensitive drinks from light.",
Arabica coffee,Beverages,2.5–7.0,85–99%,0–25°C*,N/A after processing,Medium–High,Low,Medium–High,days–24 months*,Food-grade bottle/carton/pouch with appropriate barrier,Controls oxygen/light exposure and protects against contamination and leakage.,"Use hygienic filling, suitable seals and the recommended storage temperature; protect sensitive drinks from light.",
Robusta coffee,Beverages,2.5–7.0,85–99%,0–25°C*,N/A after processing,Medium–High,Low,Medium–High,days–24 months*,Food-grade bottle/carton/pouch with appropriate barrier,Controls oxygen/light exposure and protects against contamination and leakage.,"Use hygienic filling, suitable seals and the recommended storage temperature; protect sensitive drinks from light.",
Roasted coffee beans,Beverages,2.5–7.0,85–99%,0–25°C*,N/A after processing,Medium–High,Low,Medium–High,days–24 months*,Food-grade bottle/carton/pouch with appropriate barrier,Controls oxygen/light exposure and protects against contamination and leakage.,"Use hygienic filling, suitable seals and the recommended storage temperature; protect sensitive drinks from light.",
Green coffee beans,Beverages,2.5–7.0,85–99%,0–25°C*,N/A after processing,Medium–High,Low,Medium–High,days–24 months*,Food-grade bottle/carton/pouch with appropriate barrier,Controls oxygen/light exposure and protects against contamination and leakage.,"Use hygienic filling, suitable seals and the recommended storage temperature; protect sensitive drinks from light.",
Cocoa beans,Beverages,5.0–6.0,6–8%,15–20°C,Low,Medium–High,High,Medium,6–24 months,Food-grade bottle/carton/pouch with appropriate barrier,Controls oxygen/light exposure and protects against contamination and leakage.,"Use hygienic filling, suitable seals and the recommended storage temperature; protect sensitive drinks from light.",
Cocoa powder,Beverages,2.5–7.0,85–99%,0–25°C*,N/A after processing,Medium–High,Low,Medium–High,days–24 months*,Food-grade bottle/carton/pouch with appropriate barrier,Controls oxygen/light exposure and protects against contamination and leakage.,"Use hygienic filling, suitable seals and the recommended storage temperature; protect sensitive drinks from light.",
Tea leaves,Beverages,2.5–7.0,85–99%,0–25°C*,N/A after processing,Medium–High,Low,Medium–High,days–24 months*,Food-grade bottle/carton/pouch with appropriate barrier,Controls oxygen/light exposure and protects against contamination and leakage.,"Use hygienic filling, suitable seals and the recommended storage temperature; protect sensitive drinks from light.",
Black tea,Beverages,2.5–7.0,85–99%,0–25°C*,N/A after processing,Medium–High,Low,Medium–High,days–24 months*,Food-grade bottle/carton/pouch with appropriate barrier,Controls oxygen/light exposure and protects against contamination and leakage.,"Use hygienic filling, suitable seals and the recommended storage temperature; protect sensitive drinks from light.",
Green tea,Beverages,2.5–7.0,85–99%,0–25°C*,N/A after processing,Medium–High,Low,Medium–High,days–24 months*,Food-grade bottle/carton/pouch with appropriate barrier,Controls oxygen/light exposure and protects against contamination and leakage.,"Use hygienic filling, suitable seals and the recommended storage temperature; protect sensitive drinks from light.",
Oolong tea,Beverages,2.5–7.0,85–99%,0–25°C*,N/A after processing,Medium–High,Low,Medium–High,days–24 months*,Food-grade bottle/carton/pouch with appropriate barrier,Controls oxygen/light exposure and protects against contamination and leakage.,"Use hygienic filling, suitable seals and the recommended storage temperature; protect sensitive drinks from light.",
White tea,Beverages,2.5–7.0,85–99%,0–25°C*,N/A after processing,Medium–High,Low,Medium–High,days–24 months*,Food-grade bottle/carton/pouch with appropriate barrier,Controls oxygen/light exposure and protects against contamination and leakage.,"Use hygienic filling, suitable seals and the recommended storage temperature; protect sensitive drinks from light.",
Pu-erh tea,Beverages,2.5–7.0,85–99%,0–25°C*,N/A after processing,Medium–High,Low,Medium–High,days–24 months*,Food-grade bottle/carton/pouch with appropriate barrier,Controls oxygen/light exposure and protects against contamination and leakage.,"Use hygienic filling, suitable seals and the recommended storage temperature; protect sensitive drinks from light.",
Herbal tea,Beverages,2.5–7.0,85–99%,0–25°C*,N/A after processing,Medium–High,Low,Medium–High,days–24 months*,Food-grade bottle/carton/pouch with appropriate barrier,Controls oxygen/light exposure and protects against contamination and leakage.,"Use hygienic filling, suitable seals and the recommended storage temperature; protect sensitive drinks from light.",
Chamomile tea,Beverages,2.5–7.0,85–99%,0–25°C*,N/A after processing,Medium–High,Low,Medium–High,days–24 months*,Food-grade bottle/carton/pouch with appropriate barrier,Controls oxygen/light exposure and protects against contamination and leakage.,"Use hygienic filling, suitable seals and the recommended storage temperature; protect sensitive drinks from light.",
Peppermint tea,Beverages,2.5–7.0,85–99%,0–25°C*,N/A after processing,Medium–High,Low,Medium–High,days–24 months*,Food-grade bottle/carton/pouch with appropriate barrier,Controls oxygen/light exposure and protects against contamination and leakage.,"Use hygienic filling, suitable seals and the recommended storage temperature; protect sensitive drinks from light.",
Hibiscus tea,Beverages,2.5–7.0,85–99%,0–25°C*,N/A after processing,Medium–High,Low,Medium–High,days–24 months*,Food-grade bottle/carton/pouch with appropriate barrier,Controls oxygen/light exposure and protects against contamination and leakage.,"Use hygienic filling, suitable seals and the recommended storage temperature; protect sensitive drinks from light.",
Coconut water,Beverages,2.5–7.0,85–99%,0–25°C*,N/A after processing,Medium–High,Low,Medium–High,days–24 months*,Food-grade bottle/carton/pouch with appropriate barrier,Controls oxygen/light exposure and protects against contamination and leakage.,"Use hygienic filling, suitable seals and the recommended storage temperature; protect sensitive drinks from light.",
Apple juice,Beverages,2.5–7.0,85–99%,0–25°C*,N/A after processing,Medium–High,Low,Medium–High,days–24 months*,Food-grade bottle/carton/pouch with appropriate barrier,Controls oxygen/light exposure and protects against contamination and leakage.,"Use hygienic filling, suitable seals and the recommended storage temperature; protect sensitive drinks from light.",
Orange juice,Beverages,2.5–7.0,85–99%,0–25°C*,N/A after processing,Medium–High,Low,Medium–High,days–24 months*,Food-grade bottle/carton/pouch with appropriate barrier,Controls oxygen/light exposure and protects against contamination and leakage.,"Use hygienic filling, suitable seals and the recommended storage temperature; protect sensitive drinks from light.",
Mango juice,Beverages,2.5–7.0,85–99%,0–25°C*,N/A after processing,Medium–High,Low,Medium–High,days–24 months*,Food-grade bottle/carton/pouch with appropriate barrier,Controls oxygen/light exposure and protects against contamination and leakage.,"Use hygienic filling, suitable seals and the recommended storage temperature; protect sensitive drinks from light.",
Grape juice,Beverages,2.5–7.0,85–99%,0–25°C*,N/A after processing,Medium–High,Low,Medium–High,days–24 months*,Food-grade bottle/carton/pouch with appropriate barrier,Controls oxygen/light exposure and protects against contamination and leakage.,"Use hygienic filling, suitable seals and the recommended storage temperature; protect sensitive drinks from light.",
Pineapple juice,Beverages,2.5–7.0,85–99%,0–25°C*,N/A after processing,Medium–High,Low,Medium–High,days–24 months*,Food-grade bottle/carton/pouch with appropriate barrier,Controls oxygen/light exposure and protects against contamination and leakage.,"Use hygienic filling, suitable seals and the recommended storage temperature; protect sensitive drinks from light.",
Tomato juice,Beverages,2.5–7.0,85–99%,0–25°C*,N/A after processing,Medium–High,Low,Medium–High,days–24 months*,Food-grade bottle/carton/pouch with appropriate barrier,Controls oxygen/light exposure and protects against contamination and leakage.,"Use hygienic filling, suitable seals and the recommended storage temperature; protect sensitive drinks from light.",
Lemon juice,Beverages,2.5–7.0,85–99%,0–25°C*,N/A after processing,Medium–High,Low,Medium–High,days–24 months*,Food-grade bottle/carton/pouch with appropriate barrier,Controls oxygen/light exposure and protects against contamination and leakage.,"Use hygienic filling, suitable seals and the recommended storage temperature; protect sensitive drinks from light.",
Raisin,Processed fruits & fruit products,2.5–4.5,10–85%,0–25°C*,N/A after processing,Medium–High,Medium–High,Medium–High,1–24 months*,High-barrier sealed pouch/jar with suitable light and oxygen barrier,"Processing reduces respiration; packaging then limits moisture, oxygen, contamination and light.","Process hygienically, achieve the intended moisture/aw or heat treatment, seal promptly and follow the validated storage condition.",
Sultana,Processed fruits & fruit products,2.5–4.5,10–85%,0–25°C*,N/A after processing,Medium–High,Medium–High,Medium–High,1–24 months*,High-barrier sealed pouch/jar with suitable light and oxygen barrier,"Processing reduces respiration; packaging then limits moisture, oxygen, contamination and light.","Process hygienically, achieve the intended moisture/aw or heat treatment, seal promptly and follow the validated storage condition.",
Currant dried,Processed fruits & fruit products,2.5–4.5,10–85%,0–25°C*,N/A after processing,Medium–High,Medium–High,Medium–High,1–24 months*,High-barrier sealed pouch/jar with suitable light and oxygen barrier,"Processing reduces respiration; packaging then limits moisture, oxygen, contamination and light.","Process hygienically, achieve the intended moisture/aw or heat treatment, seal promptly and follow the validated storage condition.",
Dried apricot,Processed fruits & fruit products,2.5–4.5,10–85%,0–25°C*,N/A after processing,Medium–High,Medium–High,Medium–High,1–24 months*,High-barrier sealed pouch/jar with suitable light and oxygen barrier,"Processing reduces respiration; packaging then limits moisture, oxygen, contamination and light.","Process hygienically, achieve the intended moisture/aw or heat treatment, seal promptly and follow the validated storage condition.",
Dried peach,Processed fruits & fruit products,2.5–4.5,10–85%,0–25°C*,N/A after processing,Medium–High,Medium–High,Medium–High,1–24 months*,High-barrier sealed pouch/jar with suitable light and oxygen barrier,"Processing reduces respiration; packaging then limits moisture, oxygen, contamination and light.","Process hygienically, achieve the intended moisture/aw or heat treatment, seal promptly and follow the validated storage condition.",
Dried plum,Processed fruits & fruit products,2.5–4.5,10–85%,0–25°C*,N/A after processing,Medium–High,Medium–High,Medium–High,1–24 months*,High-barrier sealed pouch/jar with suitable light and oxygen barrier,"Processing reduces respiration; packaging then limits moisture, oxygen, contamination and light.","Process hygienically, achieve the intended moisture/aw or heat treatment, seal promptly and follow the validated storage condition.",
Prune,Processed fruits & fruit products,2.5–4.5,10–85%,0–25°C*,N/A after processing,Medium–High,Medium–High,Medium–High,1–24 months*,High-barrier sealed pouch/jar with suitable light and oxygen barrier,"Processing reduces respiration; packaging then limits moisture, oxygen, contamination and light.","Process hygienically, achieve the intended moisture/aw or heat treatment, seal promptly and follow the validated storage condition.",
Dried mango,Processed fruits & fruit products,2.5–4.5,10–85%,0–25°C*,N/A after processing,Medium–High,Medium–High,Medium–High,1–24 months*,High-barrier sealed pouch/jar with suitable light and oxygen barrier,"Processing reduces respiration; packaging then limits moisture, oxygen, contamination and light.","Process hygienically, achieve the intended moisture/aw or heat treatment, seal promptly and follow the validated storage condition.",
Dried pineapple,Processed fruits & fruit products,2.5–4.5,10–85%,0–25°C*,N/A after processing,Medium–High,Medium–High,Medium–High,1–24 months*,High-barrier sealed pouch/jar with suitable light and oxygen barrier,"Processing reduces respiration; packaging then limits moisture, oxygen, contamination and light.","Process hygienically, achieve the intended moisture/aw or heat treatment, seal promptly and follow the validated storage condition.",
Dried banana,Processed fruits & fruit products,2.5–4.5,10–85%,0–25°C*,N/A after processing,Medium–High,Medium–High,Medium–High,1–24 months*,High-barrier sealed pouch/jar with suitable light and oxygen barrier,"Processing reduces respiration; packaging then limits moisture, oxygen, contamination and light.","Process hygienically, achieve the intended moisture/aw or heat treatment, seal promptly and follow the validated storage condition.",
Banana chips,Processed fruits & fruit products,2.5–4.5,10–85%,0–25°C*,N/A after processing,Medium–High,Medium–High,Medium–High,1–24 months*,High-barrier sealed pouch/jar with suitable light and oxygen barrier,"Processing reduces respiration; packaging then limits moisture, oxygen, contamination and light.","Process hygienically, achieve the intended moisture/aw or heat treatment, seal promptly and follow the validated storage condition.",
Dried papaya,Processed fruits & fruit products,2.5–4.5,10–85%,0–25°C*,N/A after processing,Medium–High,Medium–High,Medium–High,1–24 months*,High-barrier sealed pouch/jar with suitable light and oxygen barrier,"Processing reduces respiration; packaging then limits moisture, oxygen, contamination and light.","Process hygienically, achieve the intended moisture/aw or heat treatment, seal promptly and follow the validated storage condition.",
Dried fig,Processed fruits & fruit products,2.5–4.5,10–85%,0–25°C*,N/A after processing,Medium–High,Medium–High,Medium–High,1–24 months*,High-barrier sealed pouch/jar with suitable light and oxygen barrier,"Processing reduces respiration; packaging then limits moisture, oxygen, contamination and light.","Process hygienically, achieve the intended moisture/aw or heat treatment, seal promptly and follow the validated storage condition.",
Dried apple,Processed fruits & fruit products,2.5–4.5,10–85%,0–25°C*,N/A after processing,Medium–High,Medium–High,Medium–High,1–24 months*,High-barrier sealed pouch/jar with suitable light and oxygen barrier,"Processing reduces respiration; packaging then limits moisture, oxygen, contamination and light.","Process hygienically, achieve the intended moisture/aw or heat treatment, seal promptly and follow the validated storage condition.",
Dried pear,Processed fruits & fruit products,2.5–4.5,10–85%,0–25°C*,N/A after processing,Medium–High,Medium–High,Medium–High,1–24 months*,High-barrier sealed pouch/jar with suitable light and oxygen barrier,"Processing reduces respiration; packaging then limits moisture, oxygen, contamination and light.","Process hygienically, achieve the intended moisture/aw or heat treatment, seal promptly and follow the validated storage condition.",
Dried cranberry,Processed fruits & fruit products,2.5–4.5,10–85%,0–25°C*,N/A after processing,Medium–High,Medium–High,Medium–High,1–24 months*,High-barrier sealed pouch/jar with suitable light and oxygen barrier,"Processing reduces respiration; packaging then limits moisture, oxygen, contamination and light.","Process hygienically, achieve the intended moisture/aw or heat treatment, seal promptly and follow the validated storage condition.",
Dried blueberry,Processed fruits & fruit products,2.5–4.5,10–85%,0–25°C*,N/A after processing,Medium–High,Medium–High,Medium–High,1–24 months*,High-barrier sealed pouch/jar with suitable light and oxygen barrier,"Processing reduces respiration; packaging then limits moisture, oxygen, contamination and light.","Process hygienically, achieve the intended moisture/aw or heat treatment, seal promptly and follow the validated storage condition.",
Dried strawberry,Processed fruits & fruit products,2.5–4.5,10–85%,0–25°C*,N/A after processing,Medium–High,Medium–High,Medium–High,1–24 months*,High-barrier sealed pouch/jar with suitable light and oxygen barrier,"Processing reduces respiration; packaging then limits moisture, oxygen, contamination and light.","Process hygienically, achieve the intended moisture/aw or heat treatment, seal promptly and follow the validated storage condition.",
Fruit leather,Processed fruits & fruit products,2.5–4.5,10–85%,0–25°C*,N/A after processing,Medium–High,Medium–High,Medium–High,1–24 months*,High-barrier sealed pouch/jar with suitable light and oxygen barrier,"Processing reduces respiration; packaging then limits moisture, oxygen, contamination and light.","Process hygienically, achieve the intended moisture/aw or heat treatment, seal promptly and follow the validated storage condition.",
Apple sauce,Processed fruits & fruit products,2.5–4.5,10–85%,0–25°C*,N/A after processing,Medium–High,Medium–High,Medium–High,1–24 months*,High-barrier sealed pouch/jar with suitable light and oxygen barrier,"Processing reduces respiration; packaging then limits moisture, oxygen, contamination and light.","Process hygienically, achieve the intended moisture/aw or heat treatment, seal promptly and follow the validated storage condition.",
Fruit puree,Processed fruits & fruit products,2.5–4.5,10–85%,0–25°C*,N/A after processing,Medium–High,Medium–High,Medium–High,1–24 months*,High-barrier sealed pouch/jar with suitable light and oxygen barrier,"Processing reduces respiration; packaging then limits moisture, oxygen, contamination and light.","Process hygienically, achieve the intended moisture/aw or heat treatment, seal promptly and follow the validated storage condition.",
Mango puree,Processed fruits & fruit products,2.5–4.5,10–85%,0–25°C*,N/A after processing,Medium–High,Medium–High,Medium–High,1–24 months*,High-barrier sealed pouch/jar with suitable light and oxygen barrier,"Processing reduces respiration; packaging then limits moisture, oxygen, contamination and light.","Process hygienically, achieve the intended moisture/aw or heat treatment, seal promptly and follow the validated storage condition.",
Tomato-free fruit jam,Processed fruits & fruit products,2.5–4.5,10–85%,0–25°C*,N/A after processing,Medium–High,Medium–High,Medium–High,1–24 months*,High-barrier sealed pouch/jar with suitable light and oxygen barrier,"Processing reduces respiration; packaging then limits moisture, oxygen, contamination and light.","Process hygienically, achieve the intended moisture/aw or heat treatment, seal promptly and follow the validated storage condition.",
Strawberry jam,Processed fruits & fruit products,2.5–4.5,10–85%,0–25°C*,N/A after processing,Medium–High,Medium–High,Medium–High,1–24 months*,High-barrier sealed pouch/jar with suitable light and oxygen barrier,"Processing reduces respiration; packaging then limits moisture, oxygen, contamination and light.","Process hygienically, achieve the intended moisture/aw or heat treatment, seal promptly and follow the validated storage condition.",
Raspberry jam,Processed fruits & fruit products,2.5–4.5,10–85%,0–25°C*,N/A after processing,Medium–High,Medium–High,Medium–High,1–24 months*,High-barrier sealed pouch/jar with suitable light and oxygen barrier,"Processing reduces respiration; packaging then limits moisture, oxygen, contamination and light.","Process hygienically, achieve the intended moisture/aw or heat treatment, seal promptly and follow the validated storage condition.",
Wheat flour,Grain & pulse products,5.0–7.0,5–14%,10–25°C,N/A after processing,Medium–High,High,Medium,3–18 months,Moisture/oxygen-barrier food-grade pouch,"Prevents moisture uptake, oxidation, insects and loss of texture/aroma.","Cool product before sealing, keep dry and use clean, sealed packaging.",
Whole wheat flour,Grain & pulse products,5.0–7.0,5–14%,10–25°C,N/A after processing,Medium–High,High,Medium,3–18 months,Moisture/oxygen-barrier food-grade pouch,"Prevents moisture uptake, oxidation, insects and loss of texture/aroma.","Cool product before sealing, keep dry and use clean, sealed packaging.",
Bread flour,Grain & pulse products,5.0–7.0,5–14%,10–25°C,N/A after processing,Medium–High,High,Medium,3–18 months,Moisture/oxygen-barrier food-grade pouch,"Prevents moisture uptake, oxidation, insects and loss of texture/aroma.","Cool product before sealing, keep dry and use clean, sealed packaging.",
Cake flour,Grain & pulse products,5.0–7.0,5–14%,10–25°C,N/A after processing,Medium–High,High,Medium,3–18 months,Moisture/oxygen-barrier food-grade pouch,"Prevents moisture uptake, oxidation, insects and loss of texture/aroma.","Cool product before sealing, keep dry and use clean, sealed packaging.",
Semolina,Grain & pulse products,5.0–7.0,5–14%,10–25°C,N/A after processing,Medium–High,High,Medium,3–18 months,Moisture/oxygen-barrier food-grade pouch,"Prevents moisture uptake, oxidation, insects and loss of texture/aroma.","Cool product before sealing, keep dry and use clean, sealed packaging.",
Durum semolina,Grain & pulse products,5.0–7.0,5–14%,10–25°C,N/A after processing,Medium–High,High,Medium,3–18 months,Moisture/oxygen-barrier food-grade pouch,"Prevents moisture uptake, oxidation, insects and loss of texture/aroma.","Cool product before sealing, keep dry and use clean, sealed packaging.",
Couscous,Grain & pulse products,5.0–7.0,5–14%,10–25°C,N/A after processing,Medium–High,High,Medium,3–18 months,Moisture/oxygen-barrier food-grade pouch,"Prevents moisture uptake, oxidation, insects and loss of texture/aroma.","Cool product before sealing, keep dry and use clean, sealed packaging.",
Bulgur,Grain & pulse products,5.0–7.0,5–14%,10–25°C,N/A after processing,Medium–High,High,Medium,3–18 months,Moisture/oxygen-barrier food-grade pouch,"Prevents moisture uptake, oxidation, insects and loss of texture/aroma.","Cool product before sealing, keep dry and use clean, sealed packaging.",
Pasta,Grain & pulse products,5.0–7.0,5–14%,10–25°C,N/A after processing,Medium–High,High,Medium,3–18 months,Moisture/oxygen-barrier food-grade pouch,"Prevents moisture uptake, oxidation, insects and loss of texture/aroma.","Cool product before sealing, keep dry and use clean, sealed packaging.",
Macaroni,Grain & pulse products,5.0–7.0,5–14%,10–25°C,N/A after processing,Medium–High,High,Medium,3–18 months,Moisture/oxygen-barrier food-grade pouch,"Prevents moisture uptake, oxidation, insects and loss of texture/aroma.","Cool product before sealing, keep dry and use clean, sealed packaging.",
Spaghetti,Grain & pulse products,5.0–7.0,5–14%,10–25°C,N/A after processing,Medium–High,High,Medium,3–18 months,Moisture/oxygen-barrier food-grade pouch,"Prevents moisture uptake, oxidation, insects and loss of texture/aroma.","Cool product before sealing, keep dry and use clean, sealed packaging.",
Noodles,Grain & pulse products,5.0–7.0,5–14%,10–25°C,N/A after processing,Medium–High,High,Medium,3–18 months,Moisture/oxygen-barrier food-grade pouch,"Prevents moisture uptake, oxidation, insects and loss of texture/aroma.","Cool product before sealing, keep dry and use clean, sealed packaging.",
Rice noodles,Grain & pulse products,5.0–7.0,5–14%,10–25°C,N/A after processing,Medium–High,High,Medium,3–18 months,Moisture/oxygen-barrier food-grade pouch,"Prevents moisture uptake, oxidation, insects and loss of texture/aroma.","Cool product before sealing, keep dry and use clean, sealed packaging.",
Rice flakes,Grain & pulse products,5.0–7.0,5–14%,10–25°C,N/A after processing,Medium–High,High,Medium,3–18 months,Moisture/oxygen-barrier food-grade pouch,"Prevents moisture uptake, oxidation, insects and loss of texture/aroma.","Cool product before sealing, keep dry and use clean, sealed packaging.",
Poha,Grain & pulse products,5.0–7.0,5–14%,10–25°C,N/A after processing,Medium–High,High,Medium,3–18 months,Moisture/oxygen-barrier food-grade pouch,"Prevents moisture uptake, oxidation, insects and loss of texture/aroma.","Cool product before sealing, keep dry and use clean, sealed packaging.",
Puffed rice,Grain & pulse products,5.0–7.0,5–14%,10–25°C,N/A after processing,Medium–High,High,Medium,3–18 months,Moisture/oxygen-barrier food-grade pouch,"Prevents moisture uptake, oxidation, insects and loss of texture/aroma.","Cool product before sealing, keep dry and use clean, sealed packaging.",
Corn flakes,Grain & pulse products,5.0–7.0,5–14%,10–25°C,N/A after processing,Medium–High,High,Medium,3–18 months,Moisture/oxygen-barrier food-grade pouch,"Prevents moisture uptake, oxidation, insects and loss of texture/aroma.","Cool product before sealing, keep dry and use clean, sealed packaging.",
Oat flakes,Grain & pulse products,5.0–7.0,5–14%,10–25°C,N/A after processing,Medium–High,High,Medium,3–18 months,Moisture/oxygen-barrier food-grade pouch,"Prevents moisture uptake, oxidation, insects and loss of texture/aroma.","Cool product before sealing, keep dry and use clean, sealed packaging.",
Granola,Grain & pulse products,5.0–7.0,5–14%,10–25°C,N/A after processing,Medium–High,High,Medium,3–18 months,Moisture/oxygen-barrier food-grade pouch,"Prevents moisture uptake, oxidation, insects and loss of texture/aroma.","Cool product before sealing, keep dry and use clean, sealed packaging.",
Muesli,Grain & pulse products,5.0–7.0,5–14%,10–25°C,N/A after processing,Medium–High,High,Medium,3–18 months,Moisture/oxygen-barrier food-grade pouch,"Prevents moisture uptake, oxidation, insects and loss of texture/aroma.","Cool product before sealing, keep dry and use clean, sealed packaging.",
Bread,Bakery & confectionery,4.0–7.0,2–40%,15–25°C*,N/A after processing,Medium–High,Medium–High,Medium,days–12 months*,Sealed food-grade pouch/carton with moisture or oxygen barrier as needed,"Controls moisture migration, oxidation, contamination and mechanical damage.",Cool baked products before packing; match the barrier to the product's moisture and fat content.,
Whole wheat bread,Bakery & confectionery,4.0–7.0,2–40%,15–25°C*,N/A after processing,Medium–High,Medium–High,Medium,days–12 months*,Sealed food-grade pouch/carton with moisture or oxygen barrier as needed,"Controls moisture migration, oxidation, contamination and mechanical damage.",Cool baked products before packing; match the barrier to the product's moisture and fat content.,
Multigrain bread,Bakery & confectionery,4.0–7.0,2–40%,15–25°C*,N/A after processing,Medium–High,Medium–High,Medium,days–12 months*,Sealed food-grade pouch/carton with moisture or oxygen barrier as needed,"Controls moisture migration, oxidation, contamination and mechanical damage.",Cool baked products before packing; match the barrier to the product's moisture and fat content.,
Flatbread,Bakery & confectionery,4.0–7.0,2–40%,15–25°C*,N/A after processing,Medium–High,Medium–High,Medium,days–12 months*,Sealed food-grade pouch/carton with moisture or oxygen barrier as needed,"Controls moisture migration, oxidation, contamination and mechanical damage.",Cool baked products before packing; match the barrier to the product's moisture and fat content.,
Naan,Bakery & confectionery,4.0–7.0,2–40%,15–25°C*,N/A after processing,Medium–High,Medium–High,Medium,days–12 months*,Sealed food-grade pouch/carton with moisture or oxygen barrier as needed,"Controls moisture migration, oxidation, contamination and mechanical damage.",Cool baked products before packing; match the barrier to the product's moisture and fat content.,
Roti,Bakery & confectionery,4.0–7.0,2–40%,15–25°C*,N/A after processing,Medium–High,Medium–High,Medium,days–12 months*,Sealed food-grade pouch/carton with moisture or oxygen barrier as needed,"Controls moisture migration, oxidation, contamination and mechanical damage.",Cool baked products before packing; match the barrier to the product's moisture and fat content.,
Tortilla,Bakery & confectionery,4.0–7.0,2–40%,15–25°C*,N/A after processing,Medium–High,Medium–High,Medium,days–12 months*,Sealed food-grade pouch/carton with moisture or oxygen barrier as needed,"Controls moisture migration, oxidation, contamination and mechanical damage.",Cool baked products before packing; match the barrier to the product's moisture and fat content.,
Pita bread,Bakery & confectionery,4.0–7.0,2–40%,15–25°C*,N/A after processing,Medium–High,Medium–High,Medium,days–12 months*,Sealed food-grade pouch/carton with moisture or oxygen barrier as needed,"Controls moisture migration, oxidation, contamination and mechanical damage.",Cool baked products before packing; match the barrier to the product's moisture and fat content.,
Croissant,Bakery & confectionery,4.0–7.0,2–40%,15–25°C*,N/A after processing,Medium–High,Medium–High,Medium,days–12 months*,Sealed food-grade pouch/carton with moisture or oxygen barrier as needed,"Controls moisture migration, oxidation, contamination and mechanical damage.",Cool baked products before packing; match the barrier to the product's moisture and fat content.,
Danish pastry,Bakery & confectionery,4.0–7.0,2–40%,15–25°C*,N/A after processing,Medium–High,Medium–High,Medium,days–12 months*,Sealed food-grade pouch/carton with moisture or oxygen barrier as needed,"Controls moisture migration, oxidation, contamination and mechanical damage.",Cool baked products before packing; match the barrier to the product's moisture and fat content.,
Bagel,Bakery & confectionery,4.0–7.0,2–40%,15–25°C*,N/A after processing,Medium–High,Medium–High,Medium,days–12 months*,Sealed food-grade pouch/carton with moisture or oxygen barrier as needed,"Controls moisture migration, oxidation, contamination and mechanical damage.",Cool baked products before packing; match the barrier to the product's moisture and fat content.,
Bun,Bakery & confectionery,4.0–7.0,2–40%,15–25°C*,N/A after processing,Medium–High,Medium–High,Medium,days–12 months*,Sealed food-grade pouch/carton with moisture or oxygen barrier as needed,"Controls moisture migration, oxidation, contamination and mechanical damage.",Cool baked products before packing; match the barrier to the product's moisture and fat content.,
Burger bun,Bakery & confectionery,4.0–7.0,2–40%,15–25°C*,N/A after processing,Medium–High,Medium–High,Medium,days–12 months*,Sealed food-grade pouch/carton with moisture or oxygen barrier as needed,"Controls moisture migration, oxidation, contamination and mechanical damage.",Cool baked products before packing; match the barrier to the product's moisture and fat content.,
Cake,Bakery & confectionery,4.0–7.0,2–40%,15–25°C*,N/A after processing,Medium–High,Medium–High,Medium,days–12 months*,Sealed food-grade pouch/carton with moisture or oxygen barrier as needed,"Controls moisture migration, oxidation, contamination and mechanical damage.",Cool baked products before packing; match the barrier to the product's moisture and fat content.,
Sponge cake,Bakery & confectionery,4.0–7.0,2–40%,15–25°C*,N/A after processing,Medium–High,Medium–High,Medium,days–12 months*,Sealed food-grade pouch/carton with moisture or oxygen barrier as needed,"Controls moisture migration, oxidation, contamination and mechanical damage.",Cool baked products before packing; match the barrier to the product's moisture and fat content.,
Sauerkraut,Fermented & preserved foods,2.5–6.5,30–95%,0–25°C*,N/A after processing,Medium,Medium,Medium,weeks–24 months*,Sealed food-grade jar/pouch/bottle with suitable barrier,"Protects the fermented/preserved product from contamination, oxygen, leakage and moisture changes.",Use validated processing and hygiene controls; maintain the recommended temperature and seal integrity.,
Kimchi,Fermented & preserved foods,2.5–6.5,30–95%,0–25°C*,N/A after processing,Medium,Medium,Medium,weeks–24 months*,Sealed food-grade jar/pouch/bottle with suitable barrier,"Protects the fermented/preserved product from contamination, oxygen, leakage and moisture changes.",Use validated processing and hygiene controls; maintain the recommended temperature and seal integrity.,
Fermented rice,Fermented & preserved foods,2.5–6.5,30–95%,0–25°C*,N/A after processing,Medium,Medium,Medium,weeks–24 months*,Sealed food-grade jar/pouch/bottle with suitable barrier,"Protects the fermented/preserved product from contamination, oxygen, leakage and moisture changes.",Use validated processing and hygiene controls; maintain the recommended temperature and seal integrity.,
Fermented batter,Fermented & preserved foods,2.5–6.5,30–95%,0–25°C*,N/A after processing,Medium,Medium,Medium,weeks–24 months*,Sealed food-grade jar/pouch/bottle with suitable barrier,"Protects the fermented/preserved product from contamination, oxygen, leakage and moisture changes.",Use validated processing and hygiene controls; maintain the recommended temperature and seal integrity.,
Idli batter,Fermented & preserved foods,2.5–6.5,30–95%,0–25°C*,N/A after processing,Medium,Medium,Medium,weeks–24 months*,Sealed food-grade jar/pouch/bottle with suitable barrier,"Protects the fermented/preserved product from contamination, oxygen, leakage and moisture changes.",Use validated processing and hygiene controls; maintain the recommended temperature and seal integrity.,
Dosa batter,Fermented & preserved foods,2.5–6.5,30–95%,0–25°C*,N/A after processing,Medium,Medium,Medium,weeks–24 months*,Sealed food-grade jar/pouch/bottle with suitable barrier,"Protects the fermented/preserved product from contamination, oxygen, leakage and moisture changes.",Use validated processing and hygiene controls; maintain the recommended temperature and seal integrity.,
Tempeh,Fermented & preserved foods,2.5–6.5,30–95%,0–25°C*,N/A after processing,Medium,Medium,Medium,weeks–24 months*,Sealed food-grade jar/pouch/bottle with suitable barrier,"Protects the fermented/preserved product from contamination, oxygen, leakage and moisture changes.",Use validated processing and hygiene controls; maintain the recommended temperature and seal integrity.,
Miso,Fermented & preserved foods,2.5–6.5,30–95%,0–25°C*,N/A after processing,Medium,Medium,Medium,weeks–24 months*,Sealed food-grade jar/pouch/bottle with suitable barrier,"Protects the fermented/preserved product from contamination, oxygen, leakage and moisture changes.",Use validated processing and hygiene controls; maintain the recommended temperature and seal integrity.,
Soy sauce,Fermented & preserved foods,2.5–6.5,30–95%,0–25°C*,N/A after processing,Medium,Medium,Medium,weeks–24 months*,Sealed food-grade jar/pouch/bottle with suitable barrier,"Protects the fermented/preserved product from contamination, oxygen, leakage and moisture changes.",Use validated processing and hygiene controls; maintain the recommended temperature and seal integrity.,
Fish sauce,Fermented & preserved foods,2.5–6.5,30–95%,0–25°C*,N/A after processing,Medium,Medium,Medium,weeks–24 months*,Sealed food-grade jar/pouch/bottle with suitable barrier,"Protects the fermented/preserved product from contamination, oxygen, leakage and moisture changes.",Use validated processing and hygiene controls; maintain the recommended temperature and seal integrity.,
